time,mean_daily_precipitation_mmperday
2003-03-01,0
2003-03-02,0
2003-03-03,0
2003-03-04,0
2003-03-05,0
2003-03-06,0
2003-03-07,0
2003-03-08,0
2003-03-09,0
2003-03-10,0
2003-03-11,0
2003-03-12,0
2003-03-13,0
2003-03-14,0
2003-03-15,0
2003-03-16,0
2003-03-17,0
2003-03-18,0
2003-03-19,0
2003-03-20,0
2003-03-21,0
2003-03-22,0
2003-03-23,0.389999986
2003-03-24,4.59000015
2003-03-25,14.5499992
2003-03-26,0
2003-03-27,0
2003-03-28,0
2003-03-29,0.150000006
2003-03-30,0.0599999987
2003-03-31,0
2003-04-01,0
2003-04-02,0
2003-04-03,0
2003-04-04,0.239999995
2003-04-05,0
2003-04-06,0
2003-04-07,0
2003-04-08,0
2003-04-09,0
2003-04-10,0.540000021
2003-04-11,0
2003-04-12,0
2003-04-13,9.11999989
2003-04-14,0.674999952
2003-04-15,3.80999994
2003-04-16,0.389999986
2003-04-17,0
2003-04-18,0
2003-04-19,1.16999996
2003-04-20,0
2003-04-21,0
2003-04-22,0
2003-04-23,0
2003-04-24,0
2003-04-25,0
2003-04-26,6.17999983
2003-04-27,10.5299997
2003-04-28,0
2003-04-29,0
2003-04-30,0
2003-05-01,0
2003-05-02,0
2003-05-03,0.584999979
2003-05-04,0
2003-05-05,0
2003-05-06,0
2003-05-07,0
2003-05-08,0
2003-05-09,0
2003-05-10,0
2003-05-11,0
2003-05-12,0
2003-05-13,0
2003-05-14,0
2003-05-15,0
2003-05-16,0
2003-05-17,0.179999992
2003-05-18,0
2003-05-19,0
2003-05-20,0.0299999993
2003-05-21,0
2003-05-22,16.8149986
2003-05-23,0
2003-05-24,0.0449999981
2003-05-25,0
2003-05-26,0
2003-05-27,0
2003-05-28,0
2003-05-29,0
2003-05-30,0
2003-05-31,0
2003-06-01,0
2003-06-02,0
2003-06-03,0
2003-06-04,25.9500008
2003-06-05,3.375
2003-06-06,6.84000015
2003-06-07,47.8649979
2003-06-08,3.50999975
2003-06-09,14.0699997
2003-06-10,0.825000048
2003-06-11,0
2003-06-12,0
2003-06-13,0
2003-06-14,0
2003-06-15,34.5900002
2003-06-16,123.089996
2003-06-17,40.0050049
2003-06-18,26.7150002
2003-06-19,73.1100006
2003-06-20,0.150000006
2003-06-21,1.82999992
2003-06-22,13.4850006
2003-06-23,0.329999983
2003-06-24,34.4700012
2003-06-25,2.44499993
2003-06-26,41.6699982
2003-06-27,2.75999999
2003-06-28,0
2003-06-29,3.93000007
2003-06-30,0
2003-07-01,10.7550001
2003-07-02,12.2849998
2003-07-03,11.6100006
2003-07-04,208.559998
2003-07-05,22.3650017
2003-07-06,17.5950012
2003-07-07,14.04
2003-07-08,11.3549995
2003-07-09,32.1150017
2003-07-10,56.1599998
2003-07-11,72.375
2003-07-12,2.12999988
2003-07-13,2.82000017
2003-07-14,10.665
2003-07-15,31.0950012
2003-07-16,14.8800011
2003-07-17,6.35999966
2003-07-18,0.465000004
2003-07-19,2.00999999
2003-07-20,58.154995
2003-07-21,2.71499991
2003-07-22,5.14499998
2003-07-23,26.2200012
2003-07-24,21.5849991
2003-07-25,12.0900002
2003-07-26,0
2003-07-27,11.7900009
2003-07-28,17.4300003
2003-07-29,7.78500032
2003-07-30,2.37000012
2003-07-31,11.7750006
2003-08-01,4.54500008
2003-08-02,15.2849998
2003-08-03,0.495000005
2003-08-04,4.17000008
2003-08-05,48.4199982
2003-08-06,25.664999
2003-08-07,12.1050014
2003-08-08,22.125
2003-08-09,30.8400002
2003-08-10,13.3949995
2003-08-11,8.20499992
2003-08-12,10.4549999
2003-08-13,16.4699993
2003-08-14,13.7550001
2003-08-15,21.3600006
2003-08-16,3.84000015
2003-08-17,30.7800007
2003-08-18,44.3700027
2003-08-19,16.7999992
2003-08-20,8.29500008
2003-08-21,7.80000019
2003-08-22,5.11499977
2003-08-23,10.5149994
2003-08-24,0
2003-08-25,22.8299999
2003-08-26,56.4300003
2003-08-27,13.5150003
2003-08-28,18.9750004
2003-08-29,1.03499997
2003-08-30,0
2003-08-31,3.58500004
2003-09-01,19.9050007
2003-09-02,15.1950006
2003-09-03,8.18999958
2003-09-04,6.53999996
2003-09-05,10.0050001
2003-09-06,2.35500002
2003-09-07,1.755
2003-09-08,0.270000011
2003-09-09,8.34000015
2003-09-10,4.44000006
2003-09-11,4.52999973
2003-09-12,1.15499997
2003-09-13,0.840000033
2003-09-14,14.6999998
2003-09-15,17.7000008
2003-09-16,3.375
2003-09-17,1.04999995
2003-09-18,3.07499981
2003-09-19,0
2003-09-20,0
2003-09-21,0
2003-09-22,64.4850006
2003-09-23,24.4949989
2003-09-24,3.42000008
2003-09-25,0
2003-09-26,0
2003-09-27,0
2003-09-28,3.5999999
2003-09-29,0
2003-09-30,0
2003-10-01,0
2003-10-02,0
2003-10-03,0
2003-10-04,0
2003-10-05,0
2003-10-06,0
2003-10-07,0
2003-10-08,0
2003-10-09,0
2003-10-10,0
2003-10-11,0
2003-10-12,0
2003-10-13,0
2003-10-14,0
2003-10-15,0
2003-10-16,0
2003-10-17,0.344999999
2003-10-18,0
2003-10-19,0
2003-10-20,0
2003-10-21,0
2003-10-22,0
2003-10-23,0
2003-10-24,0
2003-10-25,0
2003-10-26,0.359999985
2003-10-27,0
2003-10-28,0
2003-10-29,0
2003-10-30,0
2003-10-31,0
2003-11-01,0
2003-11-02,0
2003-11-03,0
2003-11-04,0
2003-11-05,0
2003-11-06,0
2003-11-07,0
2003-11-08,0
2003-11-09,0
2003-11-10,0
2003-11-11,0
2003-11-12,0
2003-11-13,0
2003-11-14,0.389999986
2003-11-15,0
2003-11-16,0
2003-11-17,0
2003-11-18,0
2003-11-19,0
2003-11-20,0
2003-11-21,0
2003-11-22,0
2003-11-23,0
2003-11-24,0
2003-11-25,0
2003-11-26,0
2003-11-27,0
2003-11-28,0
2003-11-29,0
2003-11-30,0
2003-12-01,0
2003-12-02,0
2003-12-03,0
2003-12-04,0
2003-12-05,0
2003-12-06,0
2003-12-07,0
2003-12-08,0
2003-12-09,0
2003-12-10,0
2003-12-11,0
2003-12-12,0
2003-12-13,0.329999983
2003-12-14,0
2003-12-15,6.98999977
2003-12-16,29.0700016
2003-12-17,0
2003-12-18,0
2003-12-19,0
2003-12-20,0
2003-12-21,0
2003-12-22,0
2003-12-23,0
2003-12-24,0
2003-12-25,0
2003-12-26,0
2003-12-27,16.9199982
2003-12-28,0
2003-12-29,0
2003-12-30,0
2003-12-31,0
2004-01-01,0
2004-01-02,0
2004-01-03,0
2004-01-04,0
2004-01-05,0
2004-01-06,0
2004-01-07,0
2004-01-08,0
2004-01-09,0
2004-01-10,0
2004-01-11,0
2004-01-12,0
2004-01-13,0
2004-01-14,0
2004-01-15,0
2004-01-16,0
2004-01-17,0
2004-01-18,0
2004-01-19,5.22000027
2004-01-20,0
2004-01-21,20.4899998
2004-01-22,1.03499997
2004-01-23,26.7600002
2004-01-24,0
2004-01-25,0
2004-01-26,0
2004-01-27,0
2004-01-28,0
2004-01-29,0
2004-01-30,0.689999998
2004-01-31,0
2004-02-01,0
2004-02-02,0
2004-02-03,0
2004-02-04,0
2004-02-05,0
2004-02-06,0
2004-02-07,0
2004-02-08,0
2004-02-09,0
2004-02-10,0
2004-02-11,0
2004-02-12,0
2004-02-13,0
2004-02-14,0
2004-02-15,0
2004-02-16,0
2004-02-17,0
2004-02-18,0
2004-02-19,0
2004-02-20,0
2004-02-21,0
2004-02-22,0
2004-02-23,0
2004-02-24,0
2004-02-25,0
2004-02-26,0
2004-02-27,0
2004-02-28,0
2004-02-29,0
2004-03-01,0
2004-03-02,0
2004-03-03,0
2004-03-04,0
2004-03-05,0
2004-03-06,12.1950006
2004-03-07,0
2004-03-08,0
2004-03-09,0
2004-03-10,0
2004-03-11,0
2004-03-12,0
2004-03-13,0
2004-03-14,0
2004-03-15,0
2004-03-16,0
2004-03-17,0
2004-03-18,0
2004-03-19,0
2004-03-20,0
2004-03-21,0
2004-03-22,0
2004-03-23,0
2004-03-24,0
2004-03-25,0
2004-03-26,0
2004-03-27,0
2004-03-28,0
2004-03-29,0
2004-03-30,0
2004-03-31,0
2004-04-01,0
2004-04-02,10.6049995
2004-04-03,0
2004-04-04,0
2004-04-05,0.224999994
2004-04-06,0.0899999961
2004-04-07,0.0299999993
2004-04-08,0
2004-04-09,0
2004-04-10,0
2004-04-11,0
2004-04-12,0
2004-04-13,0
2004-04-14,0
2004-04-15,0
2004-04-16,0
2004-04-17,0.0899999961
2004-04-18,0
2004-04-19,0
2004-04-20,0
2004-04-21,20.8950005
2004-04-22,1.86000001
2004-04-23,2.95499992
2004-04-24,0.449999988
2004-04-25,0
2004-04-26,0
2004-04-27,0.99000001
2004-04-28,0.329999983
2004-04-29,0.270000011
2004-04-30,0.674999952
2004-05-01,0
2004-05-02,0
2004-05-03,0
2004-05-04,0
2004-05-05,0
2004-05-06,0
2004-05-07,0
2004-05-08,0
2004-05-09,0
2004-05-10,0
2004-05-11,0
2004-05-12,0
2004-05-13,0
2004-05-14,0
2004-05-15,0
2004-05-16,0
2004-05-17,0
2004-05-18,0
2004-05-19,0
2004-05-20,0
2004-05-21,0
2004-05-22,3.5250001
2004-05-23,0
2004-05-24,0
2004-05-25,0
2004-05-26,5.41499996
2004-05-27,0.915000021
2004-05-28,0
2004-05-29,2.8499999
2004-05-30,0
2004-05-31,26.9100018
2004-06-01,44.7299995
2004-06-02,2.0250001
2004-06-03,0
2004-06-04,0.735000014
2004-06-05,9.19499969
2004-06-06,0.194999993
2004-06-07,12.4650002
2004-06-08,0.975000024
2004-06-09,4.64999962
2004-06-10,21.8099995
2004-06-11,0.50999999
2004-06-12,0
2004-06-13,0
2004-06-14,0
2004-06-15,50.1600037
2004-06-16,8.41499996
2004-06-17,12.0749998
2004-06-18,48.2849998
2004-06-19,27.375
2004-06-20,0.764999986
2004-06-21,0
2004-06-22,0
2004-06-23,0.435000002
2004-06-24,1.45500004
2004-06-25,4.03500032
2004-06-26,3.9000001
2004-06-27,0.210000008
2004-06-28,0
2004-06-29,0
2004-06-30,0
2004-07-01,32.3100014
2004-07-02,79.1100006
2004-07-03,6.17999983
2004-07-04,1.99499989
2004-07-05,31.6650009
2004-07-06,120.510002
2004-07-07,8.34000015
2004-07-08,80.1149902
2004-07-09,0.540000021
2004-07-10,8.72999954
2004-07-11,0
2004-07-12,4.18499994
2004-07-13,0
2004-07-14,0.465000004
2004-07-15,6.77999973
2004-07-16,3.67499971
2004-07-17,8.95499992
2004-07-18,0
2004-07-19,0
2004-07-20,0
2004-07-21,0
2004-07-22,4.81500006
2004-07-23,3.41999984
2004-07-24,0.674999952
2004-07-25,17.0100002
2004-07-26,15.1350002
2004-07-27,37.0649986
2004-07-28,28.9650002
2004-07-29,8.15999985
2004-07-30,5.57999992
2004-07-31,4.68000031
2004-08-01,9.52499962
2004-08-02,25.5450001
2004-08-03,1.03499997
2004-08-04,13.9800014
2004-08-05,5.95499992
2004-08-06,18.8550014
2004-08-07,11.8800001
2004-08-08,11.1599998
2004-08-09,0
2004-08-10,21.9750004
2004-08-11,7.24499989
2004-08-12,16.4550018
2004-08-13,19.3950005
2004-08-14,0
2004-08-15,66.465004
2004-08-16,40.6800003
2004-08-17,27.329998
2004-08-18,15.375001
2004-08-19,4.18500042
2004-08-20,6.13499928
2004-08-21,12.7049999
2004-08-22,25.8299999
2004-08-23,23.3549995
2004-08-24,58.3799973
2004-08-25,94.9349976
2004-08-26,8.65499973
2004-08-27,0
2004-08-28,0
2004-08-29,0
2004-08-30,0
2004-08-31,0
2004-09-01,0
2004-09-02,0
2004-09-03,0
2004-09-04,0
2004-09-05,0
2004-09-06,0
2004-09-07,0
2004-09-08,0
2004-09-09,0.435000002
2004-09-10,30.3600006
2004-09-11,0
2004-09-12,0
2004-09-13,1.20000005
2004-09-14,73.5149994
2004-09-15,32.5950012
2004-09-16,2.6099999
2004-09-17,8.53499985
2004-09-18,0
2004-09-19,0
2004-09-20,0.389999986
2004-09-21,4.28999996
2004-09-22,84.6900024
2004-09-23,1.91999996
2004-09-24,0
2004-09-25,3.91499996
2004-09-26,0
2004-09-27,0
2004-09-28,0
2004-09-29,0.389999986
2004-09-30,0
2004-10-01,0
2004-10-02,129.914993
2004-10-03,27.4649982
2004-10-04,0
2004-10-05,0
2004-10-06,0
2004-10-07,0
2004-10-08,0
2004-10-09,1.23000002
2004-10-10,26.1750011
2004-10-11,25.8450012
2004-10-12,28.7999992
2004-10-13,17.1749992
2004-10-14,4.48500013
2004-10-15,0
2004-10-16,0
2004-10-17,0
2004-10-18,0
2004-10-19,0
2004-10-20,0
2004-10-21,0
2004-10-22,0
2004-10-23,0
2004-10-24,7.00499964
2004-10-25,0
2004-10-26,11.25
2004-10-27,0
2004-10-28,0
2004-10-29,0
2004-10-30,0
2004-10-31,0
2004-11-01,0
2004-11-02,0
2004-11-03,0
2004-11-04,0.0299999993
2004-11-05,0
2004-11-06,0
2004-11-07,0
2004-11-08,0
2004-11-09,0
2004-11-10,0
2004-11-11,0
2004-11-12,0
2004-11-13,0
2004-11-14,0
2004-11-15,0
2004-11-16,0
2004-11-17,20.7449989
2004-11-18,0
2004-11-19,0
2004-11-20,0
2004-11-21,0
2004-11-22,0
2004-11-23,0
2004-11-24,0
2004-11-25,0
2004-11-26,0
2004-11-27,0
2004-11-28,0
2004-11-29,0
2004-11-30,0
2004-12-01,0
2004-12-02,0
2004-12-03,0
2004-12-04,0
2004-12-05,0
2004-12-06,0
2004-12-07,0
2004-12-08,0
2004-12-09,0
2004-12-10,0
2004-12-11,0
2004-12-12,0
2004-12-13,0
2004-12-14,0
2004-12-15,0
2004-12-16,0
2004-12-17,0
2004-12-18,0
2004-12-19,1.47000003
2004-12-20,0
2004-12-21,0
2004-12-22,0
2004-12-23,0
2004-12-24,0
2004-12-25,0
2004-12-26,0
2004-12-27,0
2004-12-28,0
2004-12-29,0
2004-12-30,0
2004-12-31,0
2005-01-01,0
2005-01-02,0
2005-01-03,0
2005-01-04,0
2005-01-05,0
2005-01-06,0
2005-01-07,0
2005-01-08,0
2005-01-09,0
2005-01-10,0
2005-01-11,0
2005-01-12,0
2005-01-13,0
2005-01-14,0
2005-01-15,0
2005-01-16,0
2005-01-17,0
2005-01-18,0
2005-01-19,0
2005-01-20,0
2005-01-21,0.689999998
2005-01-22,0
2005-01-23,0
2005-01-24,0
2005-01-25,0
2005-01-26,0
2005-01-27,4.30499983
2005-01-28,0
2005-01-29,0
2005-01-30,0
2005-01-31,0
2005-02-01,0
2005-02-02,0
2005-02-03,1.33500004
2005-02-04,0
2005-02-05,0.584999979
2005-02-06,28.7399998
2005-02-07,44.5800018
2005-02-08,0
2005-02-09,0.719999969
2005-02-10,2.81999993
2005-02-11,1.80000007
2005-02-12,18.8999996
2005-02-13,0
2005-02-14,0
2005-02-15,0
2005-02-16,0
2005-02-17,0
2005-02-18,0
2005-02-19,0
2005-02-20,0
2005-02-21,0
2005-02-22,0
2005-02-23,0
2005-02-24,0
2005-02-25,0
2005-02-26,0
2005-02-27,0
2005-02-28,0.735000014
2005-03-01,0
2005-03-02,0
2005-03-03,0
2005-03-04,2.05500007
2005-03-05,4.61999989
2005-03-06,0
2005-03-07,5.44499969
2005-03-08,2.25
2005-03-09,89.5049973
2005-03-10,9.98999977
2005-03-11,0.420000017
2005-03-12,0
2005-03-13,0
2005-03-14,0
2005-03-15,0
2005-03-16,39.5100021
2005-03-17,0
2005-03-18,0
2005-03-19,0
2005-03-20,0
2005-03-21,0.405000001
2005-03-22,0
2005-03-23,2.60999966
2005-03-24,0
2005-03-25,0
2005-03-26,0
2005-03-27,0
2005-03-28,0
2005-03-29,0
2005-03-30,0
2005-03-31,0
2005-04-01,0
2005-04-02,4.61999989
2005-04-03,0
2005-04-04,0
2005-04-05,0
2005-04-06,0
2005-04-07,0
2005-04-08,0
2005-04-09,0
2005-04-10,0
2005-04-11,0
2005-04-12,0
2005-04-13,0
2005-04-14,0
2005-04-15,0
2005-04-16,0
2005-04-17,0
2005-04-18,0
2005-04-19,0
2005-04-20,0
2005-04-21,0
2005-04-22,0
2005-04-23,0
2005-04-24,0
2005-04-25,0
2005-04-26,0
2005-04-27,0
2005-04-28,0
2005-04-29,0.239999995
2005-04-30,5.625
2005-05-01,0.0599999987
2005-05-02,0
2005-05-03,3.31499982
2005-05-04,0
2005-05-05,0.0599999987
2005-05-06,0.0599999987
2005-05-07,0
2005-05-08,0.105000004
2005-05-09,0
2005-05-10,0
2005-05-11,0
2005-05-12,0
2005-05-13,2.17499995
2005-05-14,0
2005-05-15,0
2005-05-16,1.90500009
2005-05-17,0
2005-05-18,0
2005-05-19,29.460001
2005-05-20,2.27999997
2005-05-21,28.1850014
2005-05-22,0
2005-05-23,0
2005-05-24,0
2005-05-25,0
2005-05-26,0
2005-05-27,0
2005-05-28,0
2005-05-29,10.9949999
2005-05-30,0.0449999981
2005-05-31,0
2005-06-01,0
2005-06-02,0
2005-06-03,0
2005-06-04,0
2005-06-05,0
2005-06-06,0
2005-06-07,0
2005-06-08,0
2005-06-09,0
2005-06-10,0
2005-06-11,0
2005-06-12,0
2005-06-13,0
2005-06-14,0
2005-06-15,0
2005-06-16,0.210000008
2005-06-17,0
2005-06-18,0
2005-06-19,0
2005-06-20,0
2005-06-21,0
2005-06-22,44.2799988
2005-06-23,0.50999999
2005-06-24,0
2005-06-25,48.0599976
2005-06-26,57.2999954
2005-06-27,23.5499992
2005-06-28,0.375
2005-06-29,1.36500001
2005-06-30,9.64500046
2005-07-01,0
2005-07-02,4.5
2005-07-03,30.75
2005-07-04,98.4749985
2005-07-05,18.8849983
2005-07-06,1.42500007
2005-07-07,0
2005-07-08,25.7399998
2005-07-09,0
2005-07-10,112.919991
2005-07-11,67.9499969
2005-07-12,12.6750002
2005-07-13,41.7900009
2005-07-14,19.8449993
2005-07-15,7.86000013
2005-07-16,23.0400009
2005-07-17,20.8199997
2005-07-18,4.15500021
2005-07-19,1.60500002
2005-07-20,24.75
2005-07-21,19.6199989
2005-07-22,16.3649998
2005-07-23,20.7749996
2005-07-24,4.52999973
2005-07-25,56.9099998
2005-07-26,24.9449997
2005-07-27,8.48999977
2005-07-28,62.6399994
2005-07-29,7.59000015
2005-07-30,25.4699993
2005-07-31,31.4399986
2005-08-01,97.7099991
2005-08-02,25.1699982
2005-08-03,0
2005-08-04,2.63999987
2005-08-05,4.63500023
2005-08-06,7.93499994
2005-08-07,3.94499993
2005-08-08,0
2005-08-09,0
2005-08-10,3.58500004
2005-08-11,0.659999967
2005-08-12,5.97000027
2005-08-13,0
2005-08-14,47.5950012
2005-08-15,19.4400005
2005-08-16,11.7600002
2005-08-17,1.60500002
2005-08-18,1.38
2005-08-19,14.9099998
2005-08-20,0.779999971
2005-08-21,0.495000005
2005-08-22,0
2005-08-23,0.495000005
2005-08-24,12.9300003
2005-08-25,0
2005-08-26,0
2005-08-27,1.63499999
2005-08-28,0
2005-08-29,0
2005-08-30,0
2005-08-31,0
2005-09-01,40.3799973
2005-09-02,74.3699951
2005-09-03,13.9800005
2005-09-04,20.3099995
2005-09-05,0.300000012
2005-09-06,0
2005-09-07,0
2005-09-08,10.0649996
2005-09-09,4.38000011
2005-09-10,21.2550011
2005-09-11,14.9400005
2005-09-12,7.48500061
2005-09-13,11.8649998
2005-09-14,20.1599998
2005-09-15,19.0050011
2005-09-16,145.875
2005-09-17,30.8099995
2005-09-18,1.03499997
2005-09-19,0
2005-09-20,0
2005-09-21,4.99499989
2005-09-22,0.300000012
2005-09-23,41.9850006
2005-09-24,116.205002
2005-09-25,4.24499989
2005-09-26,6.39000034
2005-09-27,0.629999995
2005-09-28,0
2005-09-29,0
2005-09-30,0
2005-10-01,0
2005-10-02,0
2005-10-03,0
2005-10-04,0
2005-10-05,0
2005-10-06,0
2005-10-07,0
2005-10-08,4.95000029
2005-10-09,12.2999992
2005-10-10,0
2005-10-11,12.54
2005-10-12,0
2005-10-13,0
2005-10-14,0
2005-10-15,0
2005-10-16,0
2005-10-17,0
2005-10-18,0
2005-10-19,0
2005-10-20,0
2005-10-21,0
2005-10-22,0
2005-10-23,0
2005-10-24,0
2005-10-25,0
2005-10-26,0
2005-10-27,0
2005-10-28,0
2005-10-29,0
2005-10-30,0
2005-10-31,0.959999979
2005-11-01,0
2005-11-02,0
2005-11-03,0
2005-11-04,0
2005-11-05,0
2005-11-06,0
2005-11-07,0
2005-11-08,0
2005-11-09,0
2005-11-10,0
2005-11-11,0
2005-11-12,0
2005-11-13,0
2005-11-14,0
2005-11-15,0
2005-11-16,0
2005-11-17,0
2005-11-18,0
2005-11-19,0
2005-11-20,0
2005-11-21,0
2005-11-22,0
2005-11-23,0
2005-11-24,0
2005-11-25,0
2005-11-26,0
2005-11-27,0
2005-11-28,0
2005-11-29,0
2005-11-30,0
2005-12-01,0
2005-12-02,0
2005-12-03,0
2005-12-04,0
2005-12-05,0
2005-12-06,0
2005-12-07,0
2005-12-08,0
2005-12-09,0
2005-12-10,0
2005-12-11,0
2005-12-12,0
2005-12-13,0
2005-12-14,0
2005-12-15,0
2005-12-16,0
2005-12-17,0
2005-12-18,0
2005-12-19,0
2005-12-20,0
2005-12-21,0
2005-12-22,2.94000006
2005-12-23,0
2005-12-24,0
2005-12-25,0
2005-12-26,0
2005-12-27,0
2005-12-28,0
2005-12-29,0
2005-12-30,0
2005-12-31,0
2006-01-01,0.0899999961
2006-01-02,0
2006-01-03,0
2006-01-04,0
2006-01-05,0
2006-01-06,0
2006-01-07,0
2006-01-08,0
2006-01-09,0
2006-01-10,0
2006-01-11,0
2006-01-12,0
2006-01-13,0
2006-01-14,0
2006-01-15,0
2006-01-16,0
2006-01-17,9.01499939
2006-01-18,0
2006-01-19,0
2006-01-20,0
2006-01-21,0
2006-01-22,0
2006-01-23,0
2006-01-24,0
2006-01-25,0
2006-01-26,0
2006-01-27,0
2006-01-28,0
2006-01-29,0
2006-01-30,0
2006-01-31,0
2006-02-01,0
2006-02-02,0
2006-02-03,0
2006-02-04,0
2006-02-05,0
2006-02-06,0
2006-02-07,0
2006-02-08,0
2006-02-09,0
2006-02-10,0
2006-02-11,0
2006-02-12,0
2006-02-13,0
2006-02-14,0
2006-02-15,0
2006-02-16,0
2006-02-17,0
2006-02-18,0
2006-02-19,0
2006-02-20,0
2006-02-21,0
2006-02-22,0
2006-02-23,0
2006-02-24,0
2006-02-25,0
2006-02-26,0
2006-02-27,0
2006-02-28,0
2006-03-01,0
2006-03-02,0
2006-03-03,0
2006-03-04,0
2006-03-05,0
2006-03-06,2.625
2006-03-07,0
2006-03-08,2.30999994
2006-03-09,0.119999997
2006-03-10,13.5150003
2006-03-11,0
2006-03-12,0
2006-03-13,0.479999989
2006-03-14,0.584999979
2006-03-15,0
2006-03-16,0
2006-03-17,0
2006-03-18,0
2006-03-19,0
2006-03-20,0
2006-03-21,0
2006-03-22,0
2006-03-23,0
2006-03-24,0
2006-03-25,0
2006-03-26,0
2006-03-27,0
2006-03-28,0
2006-03-29,0
2006-03-30,0
2006-03-31,0.314999998
2006-04-01,12.2700005
2006-04-02,0.0449999981
2006-04-03,0
2006-04-04,0
2006-04-05,0
2006-04-06,0
2006-04-07,0
2006-04-08,0
2006-04-09,5.92500019
2006-04-10,0
2006-04-11,0
2006-04-12,0
2006-04-13,0
2006-04-14,0
2006-04-15,0
2006-04-16,0
2006-04-17,20.9400005
2006-04-18,0
2006-04-19,0
2006-04-20,0
2006-04-21,0
2006-04-22,0
2006-04-23,12.2550001
2006-04-24,0
2006-04-25,0.269999981
2006-04-26,0
2006-04-27,0.0449999981
2006-04-28,0
2006-04-29,0
2006-04-30,0.0449999981
2006-05-01,0
2006-05-02,0
2006-05-03,0
2006-05-04,0.0299999993
2006-05-05,0.105000004
2006-05-06,2.4000001
2006-05-07,0.659999967
2006-05-08,27.6749992
2006-05-09,0
2006-05-10,3.19499993
2006-05-11,7.68000031
2006-05-12,0
2006-05-13,0
2006-05-14,0.13499999
2006-05-15,0
2006-05-16,2.69999981
2006-05-17,0.0899999961
2006-05-18,1.46999991
2006-05-19,7.90499973
2006-05-20,0.0599999987
2006-05-21,0.0599999987
2006-05-22,0.599999964
2006-05-23,0
2006-05-24,0
2006-05-25,4.125
2006-05-26,0.180000007
2006-05-27,6.70499992
2006-05-28,0
2006-05-29,0
2006-05-30,0
2006-05-31,0
2006-06-01,0
2006-06-02,7.97999954
2006-06-03,0.300000012
2006-06-04,1.55999994
2006-06-05,0
2006-06-06,0
2006-06-07,0
2006-06-08,0
2006-06-09,0
2006-06-10,0
2006-06-11,0
2006-06-12,2.95499992
2006-06-13,0.704999983
2006-06-14,2.00999999
2006-06-15,0.554999948
2006-06-16,4.77000046
2006-06-17,9.97500038
2006-06-18,0
2006-06-19,19.1849995
2006-06-20,0
2006-06-21,0
2006-06-22,1.71000004
2006-06-23,0
2006-06-24,4.51499987
2006-06-25,1.94999993
2006-06-26,11.8200006
2006-06-27,3.85500002
2006-06-28,13.125
2006-06-29,11.1749992
2006-06-30,2.81999993
2006-07-01,0
2006-07-02,86.0249939
2006-07-03,0
2006-07-04,12.1800013
2006-07-05,39.9000015
2006-07-06,0
2006-07-07,0
2006-07-08,56.9099998
2006-07-09,79.1100006
2006-07-10,9.76500034
2006-07-11,22.1850014
2006-07-12,43.1250038
2006-07-13,4.33500004
2006-07-14,17.8950005
2006-07-15,15.4350004
2006-07-16,2.72999978
2006-07-17,27.7350006
2006-07-18,9.65999985
2006-07-19,36.8100014
2006-07-20,17.2200012
2006-07-21,20.4449997
2006-07-22,4.69499969
2006-07-23,1.52999997
2006-07-24,20.3400002
2006-07-25,30.9300022
2006-07-26,21.3899994
2006-07-27,0.450000018
2006-07-28,18.7649994
2006-07-29,0
2006-07-30,5.53500032
2006-07-31,8.55000019
2006-08-01,9.86999989
2006-08-02,0.735000014
2006-08-03,14.2049999
2006-08-04,7.80000019
2006-08-05,2.30999994
2006-08-06,4.05000019
2006-08-07,11.6850004
2006-08-08,0
2006-08-09,1.08000004
2006-08-10,18.9150009
2006-08-11,0
2006-08-12,11.7599993
2006-08-13,3.28500009
2006-08-14,13.6650009
2006-08-15,5.50500011
2006-08-16,2.06999993
2006-08-17,0
2006-08-18,13.2450008
2006-08-19,19.3050003
2006-08-20,20.8349991
2006-08-21,6.61500025
2006-08-22,17.8650017
2006-08-23,2.71500015
2006-08-24,19.8299999
2006-08-25,24.1949997
2006-08-26,10.3649998
2006-08-27,2.30999994
2006-08-28,0
2006-08-29,10.0499992
2006-08-30,20.9399986
2006-08-31,0.50999999
2006-09-01,0.284999996
2006-09-02,21.8999996
2006-09-03,0
2006-09-04,17.8650017
2006-09-05,0
2006-09-06,1.48500001
2006-09-07,0
2006-09-08,3.3599999
2006-09-09,0
2006-09-10,0.270000011
2006-09-11,0
2006-09-12,4.80000019
2006-09-13,0
2006-09-14,0
2006-09-15,1.28999996
2006-09-16,0
2006-09-17,3.44999981
2006-09-18,15.7800007
2006-09-19,22.1850014
2006-09-20,6.21000004
2006-09-21,3.50999999
2006-09-22,10.8149996
2006-09-23,0
2006-09-24,0
2006-09-25,4.27499962
2006-09-26,0
2006-09-27,0
2006-09-28,0
2006-09-29,0
2006-09-30,0
2006-10-01,0
2006-10-02,0
2006-10-03,0
2006-10-04,8.87999916
2006-10-05,0
2006-10-06,0
2006-10-07,0
2006-10-08,0
2006-10-09,0
2006-10-10,0
2006-10-11,0
2006-10-12,0.344999999
2006-10-13,0
2006-10-14,0
2006-10-15,0
2006-10-16,0
2006-10-17,19.5900002
2006-10-18,14.6699991
2006-10-19,24.1499996
2006-10-20,0.179999992
2006-10-21,0
2006-10-22,2.94000006
2006-10-23,0
2006-10-24,0
2006-10-25,3.53999996
2006-10-26,0
2006-10-27,0
2006-10-28,0
2006-10-29,0
2006-10-30,0
2006-10-31,38.7000008
2006-11-01,0
2006-11-02,0
2006-11-03,0
2006-11-04,0
2006-11-05,0
2006-11-06,0
2006-11-07,4.60500002
2006-11-08,0.0599999987
2006-11-09,0
2006-11-10,0
2006-11-11,0
2006-11-12,0
2006-11-13,0
2006-11-14,0
2006-11-15,0
2006-11-16,0
2006-11-17,0
2006-11-18,0
2006-11-19,0
2006-11-20,0
2006-11-21,0
2006-11-22,0
2006-11-23,0
2006-11-24,0
2006-11-25,0
2006-11-26,0
2006-11-27,0.0599999987
2006-11-28,0
2006-11-29,0
2006-11-30,0
2006-12-01,0
2006-12-02,0.540000021
2006-12-03,0
2006-12-04,0
2006-12-05,0
2006-12-06,0
2006-12-07,0
2006-12-08,0
2006-12-09,0
2006-12-10,0
2006-12-11,0
2006-12-12,0
2006-12-13,0
2006-12-14,0
2006-12-15,0
2006-12-16,0
2006-12-17,0
2006-12-18,0
2006-12-19,0
2006-12-20,0
2006-12-21,0
2006-12-22,0
2006-12-23,0
2006-12-24,0
2006-12-25,0
2006-12-26,0
2006-12-27,0
2006-12-28,0
2006-12-29,0
2006-12-30,0
2006-12-31,0
2007-01-01,0
2007-01-02,0
2007-01-03,0
2007-01-04,0
2007-01-05,0
2007-01-06,0
2007-01-07,0
2007-01-08,10.9800005
2007-01-09,15.3300009
2007-01-10,0
2007-01-11,0
2007-01-12,0
2007-01-13,0
2007-01-14,0
2007-01-15,0
2007-01-16,0
2007-01-17,0
2007-01-18,0
2007-01-19,0
2007-01-20,0
2007-01-21,0
2007-01-22,0
2007-01-23,0
2007-01-24,0
2007-01-25,0
2007-01-26,0
2007-01-27,0
2007-01-28,0
2007-01-29,1.755
2007-01-30,0
2007-01-31,0
2007-02-01,0
2007-02-02,0
2007-02-03,0
2007-02-04,0
2007-02-05,0
2007-02-06,0
2007-02-07,0
2007-02-08,1.69499993
2007-02-09,37.7099991
2007-02-10,101.010002
2007-02-11,65.1299973
2007-02-12,0
2007-02-13,23.5649986
2007-02-14,0
2007-02-15,0
2007-02-16,0
2007-02-17,0
2007-02-18,0
2007-02-19,0
2007-02-20,0
2007-02-21,0
2007-02-22,0
2007-02-23,0
2007-02-24,0
2007-02-25,0
2007-02-26,0
2007-02-27,6.30000019
2007-02-28,6.94499969
2007-03-01,0
2007-03-02,0
2007-03-03,0
2007-03-04,0
2007-03-05,0
2007-03-06,0
2007-03-07,0
2007-03-08,0
2007-03-09,0.61500001
2007-03-10,5.29500008
2007-03-11,67.3499985
2007-03-12,33.5699997
2007-03-13,7.72499943
2007-03-14,0
2007-03-15,0
2007-03-16,0
2007-03-17,0
2007-03-18,0
2007-03-19,0.150000006
2007-03-20,0
2007-03-21,0.0599999987
2007-03-22,0
2007-03-23,0
2007-03-24,0
2007-03-25,0
2007-03-26,0
2007-03-27,0
2007-03-28,0
2007-03-29,0
2007-03-30,0
2007-03-31,0
2007-04-01,0
2007-04-02,0
2007-04-03,0
2007-04-04,0
2007-04-05,0
2007-04-06,0
2007-04-07,0.870000005
2007-04-08,0
2007-04-09,0.435000002
2007-04-10,3.75
2007-04-11,0
2007-04-12,12.2850008
2007-04-13,32.5649986
2007-04-14,0
2007-04-15,10.1850004
2007-04-16,0
2007-04-17,6.98999977
2007-04-18,0
2007-04-19,0.569999993
2007-04-20,0
2007-04-21,0
2007-04-22,0
2007-04-23,0
2007-04-24,0.254999995
2007-04-25,0
2007-04-26,0
2007-04-27,0
2007-04-28,0
2007-04-29,0
2007-04-30,13.875001
2007-05-01,34.2900009
2007-05-02,0
2007-05-03,0.0749999955
2007-05-04,4.64999962
2007-05-05,0
2007-05-06,2.62500024
2007-05-07,0
2007-05-08,0.180000007
2007-05-09,0
2007-05-10,0
2007-05-11,1.78499997
2007-05-12,0
2007-05-13,0
2007-05-14,2.33999991
2007-05-15,10.1850004
2007-05-16,9.51000023
2007-05-17,0
2007-05-18,0
2007-05-19,0
2007-05-20,0
2007-05-21,0
2007-05-22,0
2007-05-23,0
2007-05-24,0
2007-05-25,0.0299999993
2007-05-26,8.38500023
2007-05-27,0
2007-05-28,0
2007-05-29,16.0799999
2007-05-30,0.195000008
2007-05-31,0
2007-06-01,0
2007-06-02,11.7449999
2007-06-03,4.24499989
2007-06-04,0
2007-06-05,0
2007-06-06,0
2007-06-07,0
2007-06-08,0.270000011
2007-06-09,0
2007-06-10,12.4349995
2007-06-11,42.8549995
2007-06-12,60.9749985
2007-06-13,22.1100006
2007-06-14,44.5500031
2007-06-15,6.05999947
2007-06-16,10.7849998
2007-06-17,3.49500012
2007-06-18,0
2007-06-19,0.164999992
2007-06-20,0
2007-06-21,0
2007-06-22,8.84999943
2007-06-23,0
2007-06-24,35.8500023
2007-06-25,44.3250008
2007-06-26,5.68499994
2007-06-27,0
2007-06-28,3.47999978
2007-06-29,3.46499991
2007-06-30,43.9350014
2007-07-01,17.3400002
2007-07-02,10.710001
2007-07-03,19.5149994
2007-07-04,24.5100021
2007-07-05,55.4399986
2007-07-06,8.17500019
2007-07-07,30.0749989
2007-07-08,19.9200001
2007-07-09,0
2007-07-10,14.1149998
2007-07-11,28.0050011
2007-07-12,8.79000092
2007-07-13,5.65500021
2007-07-14,9.89999962
2007-07-15,6.66000032
2007-07-16,1.7700001
2007-07-17,0.674999952
2007-07-18,2.50499988
2007-07-19,0.900000036
2007-07-20,3.68999982
2007-07-21,7.06500006
2007-07-22,9.09000015
2007-07-23,51.045002
2007-07-24,33.1199989
2007-07-25,36.8399963
2007-07-26,11.7449999
2007-07-27,5.4749999
2007-07-28,0
2007-07-29,4.875
2007-07-30,18.2099991
2007-07-31,35.1149979
2007-08-01,25.4399986
2007-08-02,13.335
2007-08-03,17.0550003
2007-08-04,4.54500008
2007-08-05,4.67999983
2007-08-06,19.1399994
2007-08-07,9.56999969
2007-08-08,4.64999962
2007-08-09,10.8299999
2007-08-10,9.61499977
2007-08-11,15.2999992
2007-08-12,16.5299988
2007-08-13,21.2099991
2007-08-14,34.6050034
2007-08-15,3.85500002
2007-08-16,5.90999985
2007-08-17,2.0999999
2007-08-18,5.17500019
2007-08-19,4.67999983
2007-08-20,4.36499977
2007-08-21,2.11500001
2007-08-22,18.3299999
2007-08-23,11.9549999
2007-08-24,10.8900003
2007-08-25,1.98000002
2007-08-26,14.250001
2007-08-27,5.54999971
2007-08-28,17.0249996
2007-08-29,4.15499973
2007-08-30,19.9799995
2007-08-31,14.2349997
2007-09-01,0.974999964
2007-09-02,1.39499998
2007-09-03,0
2007-09-04,5.50500011
2007-09-05,1.995
2007-09-06,1.44000006
2007-09-07,0.284999996
2007-09-08,0
2007-09-09,0
2007-09-10,0
2007-09-11,0
2007-09-12,0
2007-09-13,0.420000017
2007-09-14,0.359999985
2007-09-15,0
2007-09-16,0
2007-09-17,0
2007-09-18,0
2007-09-19,0
2007-09-20,14.5200005
2007-09-21,1.7249999
2007-09-22,0
2007-09-23,0
2007-09-24,0.50999999
2007-09-25,42.6450005
2007-09-26,31.9649944
2007-09-27,7.69500017
2007-09-28,23.579998
2007-09-29,1.52999997
2007-09-30,0
2007-10-01,0
2007-10-02,0
2007-10-03,0
2007-10-04,0
2007-10-05,5.48999977
2007-10-06,0
2007-10-07,0
2007-10-08,0
2007-10-09,0
2007-10-10,0
2007-10-11,0
2007-10-12,0
2007-10-13,0
2007-10-14,0
2007-10-15,42.9599991
2007-10-16,49.9049988
2007-10-17,0.179999992
2007-10-18,0
2007-10-19,0
2007-10-20,0
2007-10-21,0
2007-10-22,0
2007-10-23,0
2007-10-24,0
2007-10-25,0
2007-10-26,0
2007-10-27,0
2007-10-28,0
2007-10-29,0
2007-10-30,0
2007-10-31,0
2007-11-01,0
2007-11-02,0
2007-11-03,0
2007-11-04,0
2007-11-05,0
2007-11-06,0
2007-11-07,0
2007-11-08,0
2007-11-09,0
2007-11-10,0
2007-11-11,0
2007-11-12,0
2007-11-13,0
2007-11-14,0
2007-11-15,0
2007-11-16,0
2007-11-17,0
2007-11-18,0
2007-11-19,0
2007-11-20,0
2007-11-21,0
2007-11-22,0
2007-11-23,0
2007-11-24,0
2007-11-25,0
2007-11-26,0
2007-11-27,0
2007-11-28,0
2007-11-29,0
2007-11-30,0
2007-12-01,0.479999989
2007-12-02,0
2007-12-03,0
2007-12-04,0
2007-12-05,0
2007-12-06,5.14499998
2007-12-07,0
2007-12-08,0
2007-12-09,2.88000011
2007-12-10,0.0599999987
2007-12-11,0
2007-12-12,0
2007-12-13,0
2007-12-14,0
2007-12-15,0
2007-12-16,0
2007-12-17,0
2007-12-18,0
2007-12-19,0
2007-12-20,0
2007-12-21,0
2007-12-22,0
2007-12-23,0
2007-12-24,0
2007-12-25,0
2007-12-26,0
2007-12-27,0
2007-12-28,0
2007-12-29,0
2007-12-30,0
2007-12-31,0
2008-01-01,0
2008-01-02,0
2008-01-03,0
2008-01-04,0
2008-01-05,0
2008-01-06,0
2008-01-07,1.39499998
2008-01-08,1.73999989
2008-01-09,0
2008-01-10,0
2008-01-11,0
2008-01-12,0
2008-01-13,0
2008-01-14,0
2008-01-15,0
2008-01-16,0
2008-01-17,0
2008-01-18,0
2008-01-19,0
2008-01-20,0
2008-01-21,0
2008-01-22,0
2008-01-23,0
2008-01-24,0
2008-01-25,0
2008-01-26,0
2008-01-27,0
2008-01-28,0
2008-01-29,0
2008-01-30,0
2008-01-31,0
2008-02-01,0
2008-02-02,0
2008-02-03,0
2008-02-04,0
2008-02-05,0
2008-02-06,0
2008-02-07,0
2008-02-08,0
2008-02-09,0
2008-02-10,0
2008-02-11,0
2008-02-12,0
2008-02-13,0
2008-02-14,0
2008-02-15,0
2008-02-16,0
2008-02-17,0
2008-02-18,0
2008-02-19,0
2008-02-20,0
2008-02-21,0
2008-02-22,0
2008-02-23,0
2008-02-24,0
2008-02-25,0
2008-02-26,0
2008-02-27,0
2008-02-28,0
2008-02-29,0
2008-03-01,0
2008-03-02,0
2008-03-03,0
2008-03-04,0
2008-03-05,0
2008-03-06,0
2008-03-07,0
2008-03-08,0
2008-03-09,0
2008-03-10,0
2008-03-11,0
2008-03-12,0
2008-03-13,11.1450005
2008-03-14,0
2008-03-15,0
2008-03-16,0
2008-03-17,0
2008-03-18,0
2008-03-19,0
2008-03-20,0
2008-03-21,0
2008-03-22,0
2008-03-23,0
2008-03-24,0
2008-03-25,0
2008-03-26,0
2008-03-27,0
2008-03-28,20.4449997
2008-03-29,0.210000008
2008-03-30,0
2008-03-31,12.8999996
2008-04-01,1.27499998
2008-04-02,0
2008-04-03,2.29500008
2008-04-04,0
2008-04-05,4.15499973
2008-04-06,0
2008-04-07,0
2008-04-08,0
2008-04-09,0
2008-04-10,0
2008-04-11,0.194999993
2008-04-12,0
2008-04-13,0
2008-04-14,1.125
2008-04-15,0
2008-04-16,23.6850014
2008-04-17,0
2008-04-18,0
2008-04-19,0
2008-04-20,0
2008-04-21,0
2008-04-22,0
2008-04-23,0
2008-04-24,0
2008-04-25,0
2008-04-26,0
2008-04-27,0
2008-04-28,0
2008-04-29,0
2008-04-30,0
2008-05-01,0
2008-05-02,0
2008-05-03,0
2008-05-04,0
2008-05-05,0.0299999993
2008-05-06,0
2008-05-07,0.254999995
2008-05-08,0
2008-05-09,0.254999995
2008-05-10,0
2008-05-11,0.0599999987
2008-05-12,0.300000012
2008-05-13,0
2008-05-14,0
2008-05-15,6.12000036
2008-05-16,23.3099995
2008-05-17,0
2008-05-18,16.875
2008-05-19,3.86999989
2008-05-20,2.05499983
2008-05-21,0
2008-05-22,11.5799999
2008-05-23,19.8600006
2008-05-24,11.7299995
2008-05-25,7.36500025
2008-05-26,0
2008-05-27,5.50500011
2008-05-28,0
2008-05-29,0
2008-05-30,0
2008-05-31,0.104999997
2008-06-01,0.164999992
2008-06-02,0.194999993
2008-06-03,2.14499998
2008-06-04,1.68000007
2008-06-05,1.01999998
2008-06-06,38.715004
2008-06-07,3.2249999
2008-06-08,0.210000008
2008-06-09,4.73999977
2008-06-10,44.0849991
2008-06-11,8.1449995
2008-06-12,70.9649963
2008-06-13,21.2849979
2008-06-14,40.7699966
2008-06-15,0.974999964
2008-06-16,1.76999986
2008-06-17,1.36499989
2008-06-18,3.7650001
2008-06-19,16.0500011
2008-06-20,21.3150005
2008-06-21,0
2008-06-22,0
2008-06-23,3.48000002
2008-06-24,0.390000015
2008-06-25,2.90999985
2008-06-26,44.5049973
2008-06-27,39.9750023
2008-06-28,9.51000023
2008-06-29,11.79
2008-06-30,4.28999996
2008-07-01,4.7249999
2008-07-02,0.495000005
2008-07-03,19.3649998
2008-07-04,8.76000023
2008-07-05,56.3849945
2008-07-06,24.9449997
2008-07-07,22.6199989
2008-07-08,20.7900009
2008-07-09,0
2008-07-10,1.86000001
2008-07-11,23.9850006
2008-07-12,50.2800026
2008-07-13,6.55499983
2008-07-14,10.9649992
2008-07-15,1.01999998
2008-07-16,41.2799988
2008-07-17,17.8649998
2008-07-18,21.1650009
2008-07-19,10.9499989
2008-07-20,6.95999956
2008-07-21,3.56999993
2008-07-22,2.36999989
2008-07-23,2.20499992
2008-07-24,0.495000005
2008-07-25,6.6449995
2008-07-26,15.6899996
2008-07-27,0
2008-07-28,7.66499996
2008-07-29,31.4700012
2008-07-30,6.73500013
2008-07-31,31.1550007
2008-08-01,11.6399994
2008-08-02,27.6600018
2008-08-03,29.7299995
2008-08-04,5.49000025
2008-08-05,3.07499981
2008-08-06,7.64999962
2008-08-07,11.6099997
2008-08-08,7.31999969
2008-08-09,12.2250004
2008-08-10,7.86000013
2008-08-11,0.569999993
2008-08-12,20.8799992
2008-08-13,0.50999999
2008-08-14,1.45499992
2008-08-15,17.8349991
2008-08-16,13.29
2008-08-17,21.2399998
2008-08-18,0
2008-08-19,21
2008-08-20,14.6399994
2008-08-21,51.9749985
2008-08-22,38.8499985
2008-08-23,0.569999993
2008-08-24,4.68000031
2008-08-25,13.5300007
2008-08-26,62.9850044
2008-08-27,14.4899998
2008-08-28,0
2008-08-29,3.04499984
2008-08-30,0
2008-08-31,0
2008-09-01,0
2008-09-02,0.540000021
2008-09-03,0
2008-09-04,14.835
2008-09-05,15.7649994
2008-09-06,9.51000023
2008-09-07,6.9000001
2008-09-08,0
2008-09-09,0
2008-09-10,0.704999983
2008-09-11,1.40999997
2008-09-12,10.665
2008-09-13,0.629999995
2008-09-14,0
2008-09-15,0
2008-09-16,0
2008-09-17,14.4749994
2008-09-18,40.9949989
2008-09-19,25.5749989
2008-09-20,30.4650021
2008-09-21,0.300000012
2008-09-22,4.28999996
2008-09-23,3.87000012
2008-09-24,4.60500002
2008-09-25,0
2008-09-26,0
2008-09-27,0
2008-09-28,0
2008-09-29,0
2008-09-30,0
2008-10-01,0
2008-10-02,0
2008-10-03,0
2008-10-04,0
2008-10-05,2.8499999
2008-10-06,0
2008-10-07,0
2008-10-08,1.08000004
2008-10-09,8.81999969
2008-10-10,0
2008-10-11,0
2008-10-12,0
2008-10-13,0
2008-10-14,0
2008-10-15,13.8150005
2008-10-16,0
2008-10-17,0
2008-10-18,0
2008-10-19,0
2008-10-20,0
2008-10-21,0
2008-10-22,0
2008-10-23,0
2008-10-24,0
2008-10-25,0
2008-10-26,17.2349987
2008-10-27,0
2008-10-28,0
2008-10-29,0
2008-10-30,0
2008-10-31,0
2008-11-01,0
2008-11-02,0
2008-11-03,0
2008-11-04,0
2008-11-05,0
2008-11-06,0
2008-11-07,0
2008-11-08,0
2008-11-09,0
2008-11-10,0
2008-11-11,0
2008-11-12,0
2008-11-13,0
2008-11-14,0
2008-11-15,0
2008-11-16,0
2008-11-17,0
2008-11-18,0
2008-11-19,0.119999997
2008-11-20,0
2008-11-21,0
2008-11-22,0
2008-11-23,0
2008-11-24,0
2008-11-25,0
2008-11-26,0
2008-11-27,0
2008-11-28,0
2008-11-29,0
2008-11-30,0
2008-12-01,0
2008-12-02,0
2008-12-03,0
2008-12-04,0
2008-12-05,0
2008-12-06,0
2008-12-07,6.91499996
2008-12-08,0
2008-12-09,0
2008-12-10,0
2008-12-11,0
2008-12-12,0
2008-12-13,0
2008-12-14,0
2008-12-15,0
2008-12-16,0
2008-12-17,0
2008-12-18,0
2008-12-19,0.299999982
2008-12-20,0.0599999987
2008-12-21,0
2008-12-22,0
2008-12-23,0
2008-12-24,0
2008-12-25,0
2008-12-26,0
2008-12-27,0
2008-12-28,0
2008-12-29,0
2008-12-30,0
2008-12-31,0
2009-01-01,0
2009-01-02,0
2009-01-03,0.269999981
2009-01-04,0
2009-01-05,0
2009-01-06,0
2009-01-07,0
2009-01-08,0
2009-01-09,0
2009-01-10,0
2009-01-11,0
2009-01-12,0
2009-01-13,0
2009-01-14,0
2009-01-15,0.50999999
2009-01-16,9.94499969
2009-01-17,4.75500011
2009-01-18,0
2009-01-19,0
2009-01-20,0
2009-01-21,0
2009-01-22,0
2009-01-23,0
2009-01-24,0
2009-01-25,0
2009-01-26,0
2009-01-27,0
2009-01-28,0
2009-01-29,0
2009-01-30,0
2009-01-31,0
2009-02-01,0
2009-02-02,0
2009-02-03,0
2009-02-04,0
2009-02-05,0
2009-02-06,0
2009-02-07,0
2009-02-08,0
2009-02-09,0
2009-02-10,0
2009-02-11,0
2009-02-12,0
2009-02-13,0
2009-02-14,0
2009-02-15,0
2009-02-16,0
2009-02-17,0
2009-02-18,0
2009-02-19,0
2009-02-20,0
2009-02-21,0
2009-02-22,0
2009-02-23,0
2009-02-24,0
2009-02-25,0
2009-02-26,0
2009-02-27,0
2009-02-28,0
2009-03-01,0
2009-03-02,0
2009-03-03,0
2009-03-04,0
2009-03-05,0
2009-03-06,0
2009-03-07,0
2009-03-08,0
2009-03-09,0
2009-03-10,0
2009-03-11,0
2009-03-12,0
2009-03-13,0
2009-03-14,0
2009-03-15,0
2009-03-16,0
2009-03-17,0
2009-03-18,0
2009-03-19,0.0599999987
2009-03-20,0.0449999981
2009-03-21,0
2009-03-22,0
2009-03-23,6.44999981
2009-03-24,0
2009-03-25,0
2009-03-26,0
2009-03-27,0.284999996
2009-03-28,31.0799999
2009-03-29,38.5800018
2009-03-30,0
2009-03-31,0
2009-04-01,0
2009-04-02,7.40999985
2009-04-03,0
2009-04-04,0
2009-04-05,0
2009-04-06,0
2009-04-07,0
2009-04-08,6.61500025
2009-04-09,0
2009-04-10,0
2009-04-11,0
2009-04-12,0
2009-04-13,0
2009-04-14,0
2009-04-15,0
2009-04-16,0
2009-04-17,0
2009-04-18,0
2009-04-19,0
2009-04-20,0
2009-04-21,0
2009-04-22,0
2009-04-23,0
2009-04-24,0
2009-04-25,0
2009-04-26,0
2009-04-27,0
2009-04-28,0
2009-04-29,0
2009-04-30,0
2009-05-01,0
2009-05-02,51.0899963
2009-05-03,0
2009-05-04,0.840000033
2009-05-05,0.344999999
2009-05-06,0.584999979
2009-05-07,0
2009-05-08,0
2009-05-09,13.9350004
2009-05-10,2.88000011
2009-05-11,0
2009-05-12,0
2009-05-13,0
2009-05-14,0.540000021
2009-05-15,0
2009-05-16,0
2009-05-17,0
2009-05-18,0
2009-05-19,10.6949997
2009-05-20,0
2009-05-21,0
2009-05-22,0
2009-05-23,0
2009-05-24,0.164999992
2009-05-25,0
2009-05-26,0
2009-05-27,5.4749999
2009-05-28,0.75
2009-05-29,0
2009-05-30,0.119999997
2009-05-31,0
2009-06-01,0.674999952
2009-06-02,0
2009-06-03,0
2009-06-04,0
2009-06-05,0
2009-06-06,0
2009-06-07,0
2009-06-08,0
2009-06-09,0
2009-06-10,0
2009-06-11,0
2009-06-12,0
2009-06-13,1.68000007
2009-06-14,0
2009-06-15,4.75500011
2009-06-16,0.61500001
2009-06-17,0
2009-06-18,0
2009-06-19,0
2009-06-20,0
2009-06-21,0
2009-06-22,0
2009-06-23,0
2009-06-24,0
2009-06-25,0
2009-06-26,0.405000031
2009-06-27,9.04500008
2009-06-28,48.7799988
2009-06-29,28.170002
2009-06-30,12.2849998
2009-07-01,0
2009-07-02,3.50999975
2009-07-03,0
2009-07-04,0
2009-07-05,0
2009-07-06,0.540000021
2009-07-07,5.73000002
2009-07-08,2.74499989
2009-07-09,0
2009-07-10,14.6549997
2009-07-11,18.6900005
2009-07-12,51.6299973
2009-07-13,23.1149998
2009-07-14,5.44500017
2009-07-15,17.3250008
2009-07-16,22.4249992
2009-07-17,11.3250008
2009-07-18,33.75
2009-07-19,47.1900024
2009-07-20,13.6949997
2009-07-21,26.1899986
2009-07-22,2.625
2009-07-23,15.1050005
2009-07-24,0.450000018
2009-07-25,6.09000015
2009-07-26,43.5
2009-07-27,24.4799995
2009-07-28,22.5900002
2009-07-29,1.13999999
2009-07-30,2.11500001
2009-07-31,0
2009-08-01,0.540000021
2009-08-02,5.88000011
2009-08-03,0
2009-08-04,2.26499987
2009-08-05,9.41999912
2009-08-06,42.0449982
2009-08-07,19.8599987
2009-08-08,0
2009-08-09,0.50999999
2009-08-10,50.4000015
2009-08-11,1.09500003
2009-08-12,10.9049988
2009-08-13,13.0799999
2009-08-14,41.9850006
2009-08-15,17.2049999
2009-08-16,19.2450008
2009-08-17,44.6399994
2009-08-18,4.82999992
2009-08-19,0.495000005
2009-08-20,0.99000001
2009-08-21,0
2009-08-22,0
2009-08-23,0
2009-08-24,2.32500005
2009-08-25,0
2009-08-26,2.82000017
2009-08-27,0
2009-08-28,7.15500021
2009-08-29,15.6149998
2009-08-30,6.44999981
2009-08-31,10.5900002
2009-09-01,0.75
2009-09-02,5.27999973
2009-09-03,6.88500023
2009-09-04,7.73999929
2009-09-05,5.13000011
2009-09-06,0
2009-09-07,24.1800003
2009-09-08,17.9099998
2009-09-09,13.0949993
2009-09-10,18.1200008
2009-09-11,46.9799995
2009-09-12,0
2009-09-13,0
2009-09-14,0
2009-09-15,0
2009-09-16,0
2009-09-17,0
2009-09-18,0
2009-09-19,0
2009-09-20,0
2009-09-21,0.75
2009-09-22,0
2009-09-23,0
2009-09-24,0
2009-09-25,0
2009-09-26,0
2009-09-27,0
2009-09-28,0
2009-09-29,0
2009-09-30,0
2009-10-01,0
2009-10-02,0
2009-10-03,0
2009-10-04,25.6949997
2009-10-05,252.944992
2009-10-06,0
2009-10-07,0
2009-10-08,0
2009-10-09,0
2009-10-10,0
2009-10-11,0
2009-10-12,0
2009-10-13,0
2009-10-14,0
2009-10-15,0
2009-10-16,0
2009-10-17,0
2009-10-18,0.959999979
2009-10-19,0
2009-10-20,0
2009-10-21,0
2009-10-22,0
2009-10-23,0
2009-10-24,0
2009-10-25,0
2009-10-26,0
2009-10-27,0
2009-10-28,0
2009-10-29,0
2009-10-30,0
2009-10-31,0
2009-11-01,0
2009-11-02,0
2009-11-03,0
2009-11-04,0
2009-11-05,0
2009-11-06,0
2009-11-07,0
2009-11-08,0
2009-11-09,0
2009-11-10,0
2009-11-11,0
2009-11-12,0
2009-11-13,1.79999983
2009-11-14,0
2009-11-15,0
2009-11-16,0
2009-11-17,0
2009-11-18,0
2009-11-19,0
2009-11-20,0
2009-11-21,0
2009-11-22,0
2009-11-23,0
2009-11-24,0
2009-11-25,0
2009-11-26,0
2009-11-27,0
2009-11-28,0
2009-11-29,0
2009-11-30,0
2009-12-01,0.600000024
2009-12-02,0
2009-12-03,0
2009-12-04,0.389999986
2009-12-05,0
2009-12-06,0
2009-12-07,0
2009-12-08,0
2009-12-09,10.3950005
2009-12-10,0.809999943
2009-12-11,0
2009-12-12,0
2009-12-13,0
2009-12-14,0
2009-12-15,0
2009-12-16,0
2009-12-17,0
2009-12-18,0
2009-12-19,0
2009-12-20,0
2009-12-21,0
2009-12-22,0
2009-12-23,0
2009-12-24,0
2009-12-25,0
2009-12-26,0
2009-12-27,0
2009-12-28,0
2009-12-29,0
2009-12-30,0
2009-12-31,0
2010-01-01,0
2010-01-02,0
2010-01-03,0
2010-01-04,0
2010-01-05,0
2010-01-06,0
2010-01-07,0
2010-01-08,0
2010-01-09,0
2010-01-10,0
2010-01-11,0
2010-01-12,0
2010-01-13,0
2010-01-14,2.08500004
2010-01-15,0
2010-01-16,0
2010-01-17,0
2010-01-18,0
2010-01-19,0
2010-01-20,0
2010-01-21,0
2010-01-22,6.25500011
2010-01-23,0
2010-01-24,0
2010-01-25,0
2010-01-26,0
2010-01-27,0
2010-01-28,0
2010-01-29,0
2010-01-30,0
2010-01-31,1.30500007
2010-02-01,0
2010-02-02,0
2010-02-03,0
2010-02-04,0
2010-02-05,0
2010-02-06,0
2010-02-07,2.83500004
2010-02-08,28.6049995
2010-02-09,0
2010-02-10,0
2010-02-11,0
2010-02-12,0
2010-02-13,0
2010-02-14,0
2010-02-15,0
2010-02-16,0
2010-02-17,0
2010-02-18,0
2010-02-19,0
2010-02-20,0
2010-02-21,0
2010-02-22,0.959999979
2010-02-23,0
2010-02-24,0
2010-02-25,0
2010-02-26,0
2010-02-27,0
2010-02-28,0
2010-03-01,0
2010-03-02,0
2010-03-03,0
2010-03-04,0
2010-03-05,0
2010-03-06,0
2010-03-07,0
2010-03-08,0
2010-03-09,0
2010-03-10,0
2010-03-11,0
2010-03-12,0
2010-03-13,0
2010-03-14,0
2010-03-15,3.18000007
2010-03-16,0
2010-03-17,0
2010-03-18,0
2010-03-19,0
2010-03-20,0
2010-03-21,0
2010-03-22,0
2010-03-23,0
2010-03-24,0
2010-03-25,0
2010-03-26,0
2010-03-27,0
2010-03-28,0
2010-03-29,0
2010-03-30,0
2010-03-31,0
2010-04-01,0
2010-04-02,0
2010-04-03,0
2010-04-04,0
2010-04-05,0
2010-04-06,0
2010-04-07,0
2010-04-08,0
2010-04-09,0
2010-04-10,0
2010-04-11,0
2010-04-12,0
2010-04-13,0.540000021
2010-04-14,0
2010-04-15,0
2010-04-16,0
2010-04-17,0
2010-04-18,10.3050003
2010-04-19,4.48500013
2010-04-20,7.24499989
2010-04-21,0
2010-04-22,0
2010-04-23,0
2010-04-24,0
2010-04-25,0
2010-04-26,0
2010-04-27,0
2010-04-28,17.1899986
2010-04-29,0
2010-04-30,0
2010-05-01,2.41499996
2010-05-02,9.28499985
2010-05-03,3.94499993
2010-05-04,3.08999991
2010-05-05,65.0250015
2010-05-06,0.210000008
2010-05-07,4.15500021
2010-05-08,0
2010-05-09,0
2010-05-10,0
2010-05-11,0
2010-05-12,0
2010-05-13,0
2010-05-14,0
2010-05-15,0
2010-05-16,0
2010-05-17,0
2010-05-18,0.149999991
2010-05-19,0
2010-05-20,0
2010-05-21,0
2010-05-22,0
2010-05-23,12.4049997
2010-05-24,0
2010-05-25,2.67000008
2010-05-26,17.3700008
2010-05-27,0.450000018
2010-05-28,0
2010-05-29,0.149999991
2010-05-30,0
2010-05-31,0
2010-06-01,0
2010-06-02,0
2010-06-03,0
2010-06-04,20.3250008
2010-06-05,0
2010-06-06,0
2010-06-07,14.2049999
2010-06-08,0
2010-06-09,3.19500017
2010-06-10,0.599999964
2010-06-11,0
2010-06-12,0
2010-06-13,0
2010-06-14,0
2010-06-15,0
2010-06-16,1.92000008
2010-06-17,0.359999985
2010-06-18,0
2010-06-19,0
2010-06-20,13.4549999
2010-06-21,0
2010-06-22,22.6949997
2010-06-23,3.10500026
2010-06-24,20.7449989
2010-06-25,0
2010-06-26,0.254999995
2010-06-27,0
2010-06-28,0
2010-06-29,0
2010-06-30,8.22000027
2010-07-01,1.79999995
2010-07-02,0
2010-07-03,42.4799995
2010-07-04,79.0650024
2010-07-05,212.730011
2010-07-06,75.4349976
2010-07-07,2.65499997
2010-07-08,5.73000002
2010-07-09,0
2010-07-10,2.69999981
2010-07-11,59.7900009
2010-07-12,52.3649979
2010-07-13,0
2010-07-14,121.650002
2010-07-15,3.43499994
2010-07-16,192.809998
2010-07-17,44.2649994
2010-07-18,165.87001
2010-07-19,25.5149994
2010-07-20,25.6500015
2010-07-21,54.6000023
2010-07-22,0.569999993
2010-07-23,30.0449982
2010-07-24,49.3350029
2010-07-25,29.7150002
2010-07-26,43.9500008
2010-07-27,78.6000061
2010-07-28,0.450000018
2010-07-29,73.8450012
2010-07-30,146.25
2010-07-31,6.88499975
2010-08-01,11.4750004
2010-08-02,52.0649986
2010-08-03,5.03999996
2010-08-04,50.3099976
2010-08-05,5.65500021
2010-08-06,14.9850006
2010-08-07,8.52000046
2010-08-08,19.0799999
2010-08-09,3.57000017
2010-08-10,9.94500065
2010-08-11,6.35999966
2010-08-12,1.90499997
2010-08-13,10.5450001
2010-08-14,0.61500001
2010-08-15,15.915
2010-08-16,29.5349998
2010-08-17,6.80999994
2010-08-18,3.66000009
2010-08-19,13.8299999
2010-08-20,4.30499983
2010-08-21,12.54
2010-08-22,5.20499992
2010-08-23,0
2010-08-24,29.1899986
2010-08-25,5.29500008
2010-08-26,0
2010-08-27,4.06499958
2010-08-28,0.495000005
2010-08-29,7.00500011
2010-08-30,4.99499989
2010-08-31,11.3999996
2010-09-01,5.11500025
2010-09-02,27.6149998
2010-09-03,25.7250004
2010-09-04,0.270000011
2010-09-05,2.06999993
2010-09-06,0.344999999
2010-09-07,7.89000034
2010-09-08,15.6750011
2010-09-09,2.57999992
2010-09-10,17.4449997
2010-09-11,33.0600014
2010-09-12,19.0200005
2010-09-13,18.5699997
2010-09-14,8.98500061
2010-09-15,4.57499981
2010-09-16,5.08500004
2010-09-17,11.5350008
2010-09-18,94.7700043
2010-09-19,28.3050003
2010-09-20,0
2010-09-21,2.57999992
2010-09-22,7.38000011
2010-09-23,0
2010-09-24,0.629999995
2010-09-25,0
2010-09-26,0
2010-09-27,0
2010-09-28,0
2010-09-29,0
2010-09-30,0
2010-10-01,0
2010-10-02,0
2010-10-03,0
2010-10-04,7.68000031
2010-10-05,0
2010-10-06,0
2010-10-07,0
2010-10-08,0
2010-10-09,0
2010-10-10,0
2010-10-11,5.38500023
2010-10-12,0
2010-10-13,0
2010-10-14,0
2010-10-15,0
2010-10-16,0
2010-10-17,0
2010-10-18,0
2010-10-19,0
2010-10-20,0
2010-10-21,0
2010-10-22,34.0499992
2010-10-23,0
2010-10-24,0
2010-10-25,0
2010-10-26,0
2010-10-27,0
2010-10-28,0
2010-10-29,29.460001
2010-10-30,0
2010-10-31,2.05500007
2010-11-01,0
2010-11-02,0
2010-11-03,0
2010-11-04,0
2010-11-05,0
2010-11-06,0
2010-11-07,0
2010-11-08,0
2010-11-09,0
2010-11-10,0
2010-11-11,0
2010-11-12,0
2010-11-13,0
2010-11-14,0
2010-11-15,0
2010-11-16,0
2010-11-17,0.0299999993
2010-11-18,0
2010-11-19,0
2010-11-20,0
2010-11-21,0
2010-11-22,0
2010-11-23,0
2010-11-24,0
2010-11-25,0
2010-11-26,0
2010-11-27,0
2010-11-28,0
2010-11-29,0
2010-11-30,0
2010-12-01,0
2010-12-02,0
2010-12-03,0
2010-12-04,0
2010-12-05,0
2010-12-06,0
2010-12-07,0
2010-12-08,0
2010-12-09,0
2010-12-10,0
2010-12-11,0
2010-12-12,0
2010-12-13,0
2010-12-14,0
2010-12-15,0
2010-12-16,0
2010-12-17,0
2010-12-18,0
2010-12-19,0
2010-12-20,0
2010-12-21,0
2010-12-22,0
2010-12-23,0
2010-12-24,0
2010-12-25,0
2010-12-26,0
2010-12-27,0
2010-12-28,0
2010-12-29,0
2010-12-30,0
2010-12-31,0
2011-01-01,0
2011-01-02,0
2011-01-03,0
2011-01-04,0
2011-01-05,0
2011-01-06,0
2011-01-07,0
2011-01-08,0
2011-01-09,0
2011-01-10,0
2011-01-11,0
2011-01-12,0
2011-01-13,0
2011-01-14,2.37000012
2011-01-15,2.25
2011-01-16,0
2011-01-17,0
2011-01-18,0
2011-01-19,0
2011-01-20,0
2011-01-21,10.3649998
2011-01-22,0
2011-01-23,0
2011-01-24,0
2011-01-25,0
2011-01-26,0
2011-01-27,0
2011-01-28,0
2011-01-29,0
2011-01-30,0
2011-01-31,0
2011-02-01,0
2011-02-02,0
2011-02-03,0
2011-02-04,0
2011-02-05,0
2011-02-06,0
2011-02-07,0
2011-02-08,0
2011-02-09,0
2011-02-10,0
2011-02-11,0
2011-02-12,0
2011-02-13,1.66500008
2011-02-14,24.2099991
2011-02-15,42.7649994
2011-02-16,39.2850037
2011-02-17,0
2011-02-18,0
2011-02-19,0
2011-02-20,9.82499981
2011-02-21,0
2011-02-22,0
2011-02-23,0
2011-02-24,0
2011-02-25,42.4649963
2011-02-26,1.69499993
2011-02-27,0
2011-02-28,0
2011-03-01,0
2011-03-02,0
2011-03-03,5.41499996
2011-03-04,0
2011-03-05,0
2011-03-06,0
2011-03-07,0
2011-03-08,0
2011-03-09,0
2011-03-10,0
2011-03-11,0
2011-03-12,0
2011-03-13,0
2011-03-14,0
2011-03-15,0.0449999981
2011-03-16,0
2011-03-17,0
2011-03-18,0.150000006
2011-03-19,2.7750001
2011-03-20,0
2011-03-21,0
2011-03-22,0
2011-03-23,0
2011-03-24,0
2011-03-25,0
2011-03-26,0
2011-03-27,0.150000006
2011-03-28,0
2011-03-29,0
2011-03-30,0
2011-03-31,0
2011-04-01,0
2011-04-02,0
2011-04-03,0
2011-04-04,0
2011-04-05,0
2011-04-06,0
2011-04-07,0
2011-04-08,0
2011-04-09,0
2011-04-10,9.39000034
2011-04-11,0.674999952
2011-04-12,0.135000005
2011-04-13,0.405000031
2011-04-14,0
2011-04-15,0
2011-04-16,4.47000027
2011-04-17,31.6199989
2011-04-18,0.119999997
2011-04-19,0
2011-04-20,0
2011-04-21,0
2011-04-22,0.420000017
2011-04-23,0
2011-04-24,0
2011-04-25,0
2011-04-26,0
2011-04-27,0
2011-04-28,3.61500001
2011-04-29,0
2011-04-30,0
2011-05-01,0.434999973
2011-05-02,0
2011-05-03,0
2011-05-04,0
2011-05-05,0
2011-05-06,0
2011-05-07,0.540000021
2011-05-08,0.239999995
2011-05-09,0
2011-05-10,0.0299999993
2011-05-11,0
2011-05-12,0.300000012
2011-05-13,0
2011-05-14,0
2011-05-15,0
2011-05-16,0
2011-05-17,12.9750004
2011-05-18,11.04
2011-05-19,14.3699999
2011-05-20,66.6300049
2011-05-21,27.704998
2011-05-22,0
2011-05-23,0
2011-05-24,0
2011-05-25,87.7050018
2011-05-26,0
2011-05-27,0
2011-05-28,0
2011-05-29,0.119999997
2011-05-30,0.195000008
2011-05-31,15.75
2011-06-01,1.91999996
2011-06-02,0
2011-06-03,0
2011-06-04,0
2011-06-05,0
2011-06-06,5.73000002
2011-06-07,2.14499998
2011-06-08,0
2011-06-09,0
2011-06-10,0
2011-06-11,0
2011-06-12,0.50999999
2011-06-13,0
2011-06-14,0
2011-06-15,0
2011-06-16,0
2011-06-17,1.55999994
2011-06-18,0
2011-06-19,6.80999994
2011-06-20,0.270000011
2011-06-21,0.61500001
2011-06-22,42.2399979
2011-06-23,40.3800011
2011-06-24,6.39000034
2011-06-25,20.5050011
2011-06-26,0.825000048
2011-06-27,7.49999952
2011-06-28,8.36999989
2011-06-29,5.0999999
2011-06-30,5.95499992
2011-07-01,0.465000004
2011-07-02,0
2011-07-03,0
2011-07-04,17.8800011
2011-07-05,17.9550018
2011-07-06,36.1800003
2011-07-07,2.34000015
2011-07-08,0.540000021
2011-07-09,16.5600014
2011-07-10,17.6999989
2011-07-11,3.9000001
2011-07-12,50.6699982
2011-07-13,32.5950012
2011-07-14,25.3799992
2011-07-15,21.4500008
2011-07-16,12.0449991
2011-07-17,14.1750002
2011-07-18,0
2011-07-19,10.8900003
2011-07-20,80.1600037
2011-07-21,10.8000002
2011-07-22,4.63500023
2011-07-23,23.5499992
2011-07-24,41.7900009
2011-07-25,5.25
2011-07-26,0.569999993
2011-07-27,13.8300009
2011-07-28,16.9499989
2011-07-29,6.20999956
2011-07-30,0
2011-07-31,23.2649994
2011-08-01,5.72999954
2011-08-02,24.4050007
2011-08-03,27.7649994
2011-08-04,0.689999998
2011-08-05,27.9599991
2011-08-06,40.3050003
2011-08-07,52.1549988
2011-08-08,6.73499966
2011-08-09,11.8199997
2011-08-10,0.840000033
2011-08-11,14.2050009
2011-08-12,3.89999986
2011-08-13,10.7700005
2011-08-14,5.95499992
2011-08-15,97.965004
2011-08-16,28.6349983
2011-08-17,4.5
2011-08-18,1.15499997
2011-08-19,2.54999995
2011-08-20,5.34000015
2011-08-21,10.1850004
2011-08-22,58.9950027
2011-08-23,35.5800018
2011-08-24,0
2011-08-25,6.69000006
2011-08-26,38.3849983
2011-08-27,1.3499999
2011-08-28,1.64999998
2011-08-29,8.83500004
2011-08-30,70.7400055
2011-08-31,16.9949989
2011-09-01,7.51499987
2011-09-02,32.4150009
2011-09-03,9.52499962
2011-09-04,0.734999955
2011-09-05,2.74500012
2011-09-06,28.3499985
2011-09-07,40.8600006
2011-09-08,40.9950027
2011-09-09,4.24499989
2011-09-10,0.629999995
2011-09-11,1.875
2011-09-12,4.71000004
2011-09-13,18.2099991
2011-09-14,43.9500008
2011-09-15,43.3950005
2011-09-16,0
2011-09-17,0
2011-09-18,0
2011-09-19,0
2011-09-20,0
2011-09-21,0
2011-09-22,0
2011-09-23,0
2011-09-24,0
2011-09-25,0
2011-09-26,0
2011-09-27,0
2011-09-28,0
2011-09-29,0
2011-09-30,0
2011-10-01,0
2011-10-02,0
2011-10-03,0
2011-10-04,0
2011-10-05,0
2011-10-06,0.524999976
2011-10-07,0
2011-10-08,2.46000004
2011-10-09,0
2011-10-10,0
2011-10-11,0
2011-10-12,0
2011-10-13,23.5799999
2011-10-14,52.409996
2011-10-15,0
2011-10-16,0
2011-10-17,0
2011-10-18,0
2011-10-19,0
2011-10-20,38.6549988
2011-10-21,36.420002
2011-10-22,0
2011-10-23,0
2011-10-24,3.28500009
2011-10-25,0.210000008
2011-10-26,0
2011-10-27,0
2011-10-28,0
2011-10-29,0
2011-10-30,0
2011-10-31,0
2011-11-01,0
2011-11-02,0
2011-11-03,0
2011-11-04,0
2011-11-05,0
2011-11-06,0
2011-11-07,0
2011-11-08,0
2011-11-09,0
2011-11-10,0
2011-11-11,0
2011-11-12,0
2011-11-13,0
2011-11-14,0
2011-11-15,0
2011-11-16,0
2011-11-17,0
2011-11-18,0
2011-11-19,0
2011-11-20,0
2011-11-21,0
2011-11-22,0
2011-11-23,0
2011-11-24,0
2011-11-25,0
2011-11-26,0
2011-11-27,0
2011-11-28,0
2011-11-29,0
2011-11-30,0
2011-12-01,0
2011-12-02,0
2011-12-03,0
2011-12-04,0
2011-12-05,0
2011-12-06,0
2011-12-07,0
2011-12-08,0
2011-12-09,4.01999998
2011-12-10,0
2011-12-11,0
2011-12-12,0
2011-12-13,0
2011-12-14,0
2011-12-15,0
2011-12-16,0
2011-12-17,0
2011-12-18,0
2011-12-19,0
2011-12-20,0
2011-12-21,0
2011-12-22,0
2011-12-23,0
2011-12-24,0
2011-12-25,0
2011-12-26,0
2011-12-27,0
2011-12-28,0
2011-12-29,0
2011-12-30,0
2011-12-31,5.90999985
2012-01-01,37.0800018
2012-01-02,0
2012-01-03,0
2012-01-04,0
2012-01-05,0
2012-01-06,0.119999997
2012-01-07,0.179999992
2012-01-08,0
2012-01-09,0
2012-01-10,0
2012-01-11,0
2012-01-12,0
2012-01-13,0
2012-01-14,0
2012-01-15,0
2012-01-16,0
2012-01-17,0
2012-01-18,0
2012-01-19,0
2012-01-20,0
2012-01-21,0
2012-01-22,0
2012-01-23,0
2012-01-24,0
2012-01-25,0
2012-01-26,0
2012-01-27,0
2012-01-28,0
2012-01-29,0
2012-01-30,0
2012-01-31,0
2012-02-01,0
2012-02-02,0
2012-02-03,0.959999979
2012-02-04,2.11500025
2012-02-05,0
2012-02-06,0
2012-02-07,1.60500002
2012-02-08,0
2012-02-09,0
2012-02-10,0
2012-02-11,0
2012-02-12,0
2012-02-13,0
2012-02-14,0.225000009
2012-02-15,0
2012-02-16,0
2012-02-17,0
2012-02-18,0
2012-02-19,0
2012-02-20,0
2012-02-21,0
2012-02-22,0
2012-02-23,0
2012-02-24,0
2012-02-25,0
2012-02-26,0
2012-02-27,0
2012-02-28,2.00999999
2012-02-29,0
2012-03-01,0
2012-03-02,0
2012-03-03,0
2012-03-04,0
2012-03-05,0.0449999981
2012-03-06,0
2012-03-07,0
2012-03-08,0
2012-03-09,0
2012-03-10,0
2012-03-11,0
2012-03-12,0.689999998
2012-03-13,0
2012-03-14,0
2012-03-15,0
2012-03-16,0
2012-03-17,0
2012-03-18,0
2012-03-19,0
2012-03-20,0
2012-03-21,0
2012-03-22,0
2012-03-23,0
2012-03-24,0
2012-03-25,1.245
2012-03-26,0
2012-03-27,1.5
2012-03-28,0
2012-03-29,0
2012-03-30,0
2012-03-31,0
2012-04-01,0
2012-04-02,18.4200001
2012-04-03,4.69499969
2012-04-04,0.944999993
2012-04-05,0
2012-04-06,2.26499987
2012-04-07,0
2012-04-08,0
2012-04-09,7.73999977
2012-04-10,16.7999992
2012-04-11,0.0449999981
2012-04-12,0
2012-04-13,13.7699995
2012-04-14,0
2012-04-15,0
2012-04-16,0
2012-04-17,0
2012-04-18,2.7750001
2012-04-19,0
2012-04-20,0.0299999993
2012-04-21,0
2012-04-22,0
2012-04-23,0
2012-04-24,0
2012-04-25,0
2012-04-26,0
2012-04-27,0
2012-04-28,0
2012-04-29,0.254999995
2012-04-30,0.0299999993
2012-05-01,0
2012-05-02,0
2012-05-03,0.99000001
2012-05-04,0
2012-05-05,0
2012-05-06,0
2012-05-07,0
2012-05-08,0
2012-05-09,33.7050018
2012-05-10,0.644999981
2012-05-11,0.0899999961
2012-05-12,0
2012-05-13,0
2012-05-14,0
2012-05-15,0.0299999993
2012-05-16,0
2012-05-17,0
2012-05-18,0
2012-05-19,0
2012-05-20,0
2012-05-21,0
2012-05-22,0
2012-05-23,0
2012-05-24,0
2012-05-25,0
2012-05-26,0
2012-05-27,0
2012-05-28,0
2012-05-29,0
2012-05-30,0
2012-05-31,0
2012-06-01,0
2012-06-02,0
2012-06-03,0
2012-06-04,0
2012-06-05,1.755
2012-06-06,0
2012-06-07,0
2012-06-08,0
2012-06-09,0
2012-06-10,0
2012-06-11,0
2012-06-12,0
2012-06-13,0
2012-06-14,0
2012-06-15,0
2012-06-16,0
2012-06-17,0
2012-06-18,9.05999947
2012-06-19,0
2012-06-20,0
2012-06-21,1.71000004
2012-06-22,36.2999992
2012-06-23,3.75
2012-06-24,5.56499958
2012-06-25,3.85500002
2012-06-26,8.07000065
2012-06-27,0.300000012
2012-06-28,0
2012-06-29,0
2012-06-30,0
2012-07-01,40.3499985
2012-07-02,19.2150002
2012-07-03,62.8950005
2012-07-04,36.2400017
2012-07-05,17.2649994
2012-07-06,55.2450027
2012-07-07,9.07499981
2012-07-08,3.86999989
2012-07-09,14.625
2012-07-10,3.2099998
2012-07-11,8.23499966
2012-07-12,15.96
2012-07-13,20.2949982
2012-07-14,10.5299997
2012-07-15,3.53999996
2012-07-16,0
2012-07-17,0
2012-07-18,0.99000001
2012-07-19,8.95499992
2012-07-20,14.5349998
2012-07-21,5.17499971
2012-07-22,0
2012-07-23,8.59499931
2012-07-24,94.5
2012-07-25,16.2299995
2012-07-26,11.5349998
2012-07-27,4.01999998
2012-07-28,4.27499962
2012-07-29,15.9449997
2012-07-30,41.9099998
2012-07-31,22.7400017
2012-08-01,43.3800011
2012-08-02,27.0450001
2012-08-03,78.1800003
2012-08-04,20.8950005
2012-08-05,0.659999967
2012-08-06,0
2012-08-07,10.1549997
2012-08-08,19.2749996
2012-08-09,20.4150009
2012-08-10,0
2012-08-11,17.4000015
2012-08-12,15.3900003
2012-08-13,1.875
2012-08-14,0
2012-08-15,8.64000034
2012-08-16,11.1599998
2012-08-17,10.5599995
2012-08-18,110.699997
2012-08-19,11.4899998
2012-08-20,8.25
2012-08-21,22.5900002
2012-08-22,8.92500019
2012-08-23,4.75500011
2012-08-24,20.3250008
2012-08-25,15.0749998
2012-08-26,7.66499996
2012-08-27,3.80999994
2012-08-28,3.7650001
2012-08-29,3.73500013
2012-08-30,1.38
2012-08-31,0.569999993
2012-09-01,41.579998
2012-09-02,46.0199966
2012-09-03,6.02999973
2012-09-04,20.2799988
2012-09-05,1.84500003
2012-09-06,2.16000009
2012-09-07,5.44499969
2012-09-08,0.75
2012-09-09,0
2012-09-10,0.824999988
2012-09-11,3.50999975
2012-09-12,15.8250008
2012-09-13,84.0899963
2012-09-14,16.3500004
2012-09-15,19.0650005
2012-09-16,7.25999975
2012-09-17,1.5
2012-09-18,4.93499994
2012-09-19,0
2012-09-20,0
2012-09-21,0
2012-09-22,0
2012-09-23,0
2012-09-24,3.28499985
2012-09-25,0
2012-09-26,0
2012-09-27,0
2012-09-28,0
2012-09-29,0
2012-09-30,0
2012-10-01,0
2012-10-02,8.05500031
2012-10-03,8.90999985
2012-10-04,0
2012-10-05,0
2012-10-06,0
2012-10-07,0
2012-10-08,12.96
2012-10-09,23.7450008
2012-10-10,0
2012-10-11,0
2012-10-12,0
2012-10-13,0
2012-10-14,0
2012-10-15,0
2012-10-16,0
2012-10-17,0
2012-10-18,0
2012-10-19,0
2012-10-20,0
2012-10-21,0
2012-10-22,0
2012-10-23,0.524999976
2012-10-24,0
2012-10-25,0
2012-10-26,35.5050011
2012-10-27,0
2012-10-28,0
2012-10-29,0
2012-10-30,0
2012-10-31,0
2012-11-01,0
2012-11-02,0
2012-11-03,0
2012-11-04,0
2012-11-05,0
2012-11-06,0
2012-11-07,0
2012-11-08,0
2012-11-09,0
2012-11-10,0
2012-11-11,0
2012-11-12,0
2012-11-13,0
2012-11-14,0
2012-11-15,0
2012-11-16,0
2012-11-17,0
2012-11-18,0
2012-11-19,0
2012-11-20,0
2012-11-21,0
2012-11-22,1.57499993
2012-11-23,0
2012-11-24,0
2012-11-25,0
2012-11-26,0
2012-11-27,0
2012-11-28,0
2012-11-29,0
2012-11-30,0
2012-12-01,0
2012-12-02,0
2012-12-03,0
2012-12-04,0
2012-12-05,0
2012-12-06,0
2012-12-07,0
2012-12-08,0
2012-12-09,0
2012-12-10,0
2012-12-11,8.64000034
2012-12-12,22.1399994
2012-12-13,0
2012-12-14,0
2012-12-15,0
2012-12-16,0
2012-12-17,0
2012-12-18,0
2012-12-19,0
2012-12-20,0
2012-12-21,0
2012-12-22,0
2012-12-23,0
2012-12-24,0
2012-12-25,0
2012-12-26,0
2012-12-27,1.40999997
2012-12-28,3.04500008
2012-12-29,0.194999993
2012-12-30,0.0299999993
2012-12-31,0
2013-01-01,0
2013-01-02,0.284999996
2013-01-03,0
2013-01-04,1.3499999
2013-01-05,0
2013-01-06,0
2013-01-07,0
2013-01-08,1.11000001
2013-01-09,1.005
2013-01-10,0
2013-01-11,0
2013-01-12,0
2013-01-13,0
2013-01-14,1.30500007
2013-01-15,0
2013-01-16,0
2013-01-17,17.4000015
2013-01-18,4.58999968
2013-01-19,0
2013-01-20,0
2013-01-21,0
2013-01-22,0
2013-01-23,0
2013-01-24,0.944999993
2013-01-25,0.629999995
2013-01-26,0
2013-01-27,0.0899999961
2013-01-28,0
2013-01-29,0
2013-01-30,1.94999993
2013-01-31,0.179999992
2013-02-01,0.375
2013-02-02,0.479999989
2013-02-03,1.11000001
2013-02-04,20.0999985
2013-02-05,56.8949966
2013-02-06,3.40499997
2013-02-07,0
2013-02-08,0
2013-02-09,0
2013-02-10,0.99000001
2013-02-11,1.80000007
2013-02-12,0
2013-02-13,0
2013-02-14,0
2013-02-15,4.04999971
2013-02-16,14.5200005
2013-02-17,0
2013-02-18,0
2013-02-19,0
2013-02-20,0.50999999
2013-02-21,2.20499992
2013-02-22,3.16499996
2013-02-23,29.6550007
2013-02-24,0
2013-02-25,0.99000001
2013-02-26,0
2013-02-27,1.005
2013-02-28,0
2013-03-01,0.075000003
2013-03-02,0
2013-03-03,0
2013-03-04,0
2013-03-05,0
2013-03-06,0
2013-03-07,0.150000006
2013-03-08,0
2013-03-09,0
2013-03-10,0.629999995
2013-03-11,0
2013-03-12,0
2013-03-13,0
2013-03-14,55.170002
2013-03-15,16.4099998
2013-03-16,1.17000008
2013-03-17,0.585000038
2013-03-18,0
2013-03-19,0
2013-03-20,0.075000003
2013-03-21,6.9749999
2013-03-22,0
2013-03-23,0
2013-03-24,15.4349995
2013-03-25,0
2013-03-26,0
2013-03-27,0
2013-03-28,0
2013-03-29,0
2013-03-30,0
2013-03-31,0
2013-04-01,0
2013-04-02,0
2013-04-03,0
2013-04-04,0
2013-04-05,0
2013-04-06,0
2013-04-07,0
2013-04-08,0
2013-04-09,1.33500004
2013-04-10,0
2013-04-11,0
2013-04-12,0
2013-04-13,1.03500009
2013-04-14,0
2013-04-15,2.41499996
2013-04-16,0.735000014
2013-04-17,0
2013-04-18,0
2013-04-19,0
2013-04-20,33.4500046
2013-04-21,0
2013-04-22,0
2013-04-23,1.11000001
2013-04-24,8.26500034
2013-04-25,0
2013-04-26,0
2013-04-27,0
2013-04-28,1.91999996
2013-04-29,0
2013-04-30,0
2013-05-01,0
2013-05-02,0
2013-05-03,0
2013-05-04,0.0299999993
2013-05-05,1.48500001
2013-05-06,0.164999992
2013-05-07,0
2013-05-08,0
2013-05-09,0
2013-05-10,0
2013-05-11,1.23000002
2013-05-12,5.38500023
2013-05-13,0
2013-05-14,0
2013-05-15,0
2013-05-16,0
2013-05-17,0
2013-05-18,0
2013-05-19,0
2013-05-20,0
2013-05-21,0
2013-05-22,0
2013-05-23,0
2013-05-24,0
2013-05-25,11.9700003
2013-05-26,0
2013-05-27,0
2013-05-28,0
2013-05-29,0
2013-05-30,0
2013-05-31,0
2013-06-01,0
2013-06-02,0.150000006
2013-06-03,17.8800011
2013-06-04,0
2013-06-05,14.2650003
2013-06-06,62.204998
2013-06-07,0
2013-06-08,9.65999985
2013-06-09,88.6499939
2013-06-10,91.0200043
2013-06-11,68.1150055
2013-06-12,35.8349991
2013-06-13,27.375
2013-06-14,18.7049999
2013-06-15,86.0099945
2013-06-16,98.6399994
2013-06-17,59.1599998
2013-06-18,12.8399992
2013-06-19,0.239999995
2013-06-20,0
2013-06-21,0
2013-06-22,26.1599979
2013-06-23,28.8599987
2013-06-24,68.0850067
2013-06-25,5.83499956
2013-06-26,8.57999992
2013-06-27,13.0949993
2013-06-28,0
2013-06-29,6.70499992
2013-06-30,2.67000008
2013-07-01,0.779999971
2013-07-02,5.83499956
2013-07-03,0
2013-07-04,8.05500031
2013-07-05,28.4250011
2013-07-06,0
2013-07-07,0
2013-07-08,9.07499981
2013-07-09,0.735000014
2013-07-10,4.38000011
2013-07-11,5.83500051
2013-07-12,3.9150002
2013-07-13,29.8649979
2013-07-14,2.67000008
2013-07-15,26.0249996
2013-07-16,4.59000015
2013-07-17,6.22499943
2013-07-18,0
2013-07-19,100.785004
2013-07-20,4.10999966
2013-07-21,54.8699989
2013-07-22,33.0149994
2013-07-23,4.31999969
2013-07-24,18.2999992
2013-07-25,1.20000005
2013-07-26,12.2550001
2013-07-27,2.34000015
2013-07-28,0
2013-07-29,0
2013-07-30,17.3400002
2013-07-31,27.3000011
2013-08-01,12.5999994
2013-08-02,11.8800001
2013-08-03,3.05999994
2013-08-04,32.9399986
2013-08-05,37.5449982
2013-08-06,27.4650002
2013-08-07,24.7649994
2013-08-08,81.359993
2013-08-09,20.7749996
2013-08-10,65.8199997
2013-08-11,22.2299995
2013-08-12,107.339996
2013-08-13,32.4599991
2013-08-14,4.5449996
2013-08-15,0.495000005
2013-08-16,10.4099998
2013-08-17,7.36500025
2013-08-18,47.5649948
2013-08-19,0
2013-08-20,15.8099995
2013-08-21,4.00500011
2013-08-22,0
2013-08-23,2.7750001
2013-08-24,13.5150013
2013-08-25,9.63000011
2013-08-26,5.63999987
2013-08-27,24.3899994
2013-08-28,2.51999998
2013-08-29,1.64999998
2013-08-30,6.58500004
2013-08-31,22.5149994
2013-09-01,8.41500092
2013-09-02,1.23000002
2013-09-03,1.18500006
2013-09-04,0
2013-09-05,0
2013-09-06,0
2013-09-07,1.66500008
2013-09-08,0
2013-09-09,4.51499987
2013-09-10,5.74500036
2013-09-11,5.44499969
2013-09-12,11.625001
2013-09-13,0
2013-09-14,8.81999969
2013-09-15,9.58500004
2013-09-16,0.270000011
2013-09-17,0
2013-09-18,0
2013-09-19,0
2013-09-20,38.4599991
2013-09-21,21.3299999
2013-09-22,1.32000005
2013-09-23,10.3050003
2013-09-24,9.40499878
2013-09-25,5.34000015
2013-09-26,0
2013-09-27,37.1850014
2013-09-28,10.8600006
2013-09-29,8.12999916
2013-09-30,18.7350006
2013-10-01,3.64499998
2013-10-02,2.57999992
2013-10-03,2.22000003
2013-10-04,0
2013-10-05,0
2013-10-06,0
2013-10-07,0
2013-10-08,0
2013-10-09,0
2013-10-10,44.5350037
2013-10-11,59.9700012
2013-10-12,53.5650024
2013-10-13,7.03499985
2013-10-14,0
2013-10-15,0
2013-10-16,0
2013-10-17,0
2013-10-18,0
2013-10-19,0
2013-10-20,4.52999973
2013-10-21,0
2013-10-22,0
2013-10-23,0
2013-10-24,0
2013-10-25,0
2013-10-26,0
2013-10-27,0
2013-10-28,0
2013-10-29,0
2013-10-30,2.83500004
2013-10-31,9.44999981
2013-11-01,0
2013-11-02,0
2013-11-03,0
2013-11-04,0
2013-11-05,5.35500002
2013-11-06,4.44000006
2013-11-07,21.2700005
2013-11-08,18.1200008
2013-11-09,1.125
2013-11-10,0.0449999981
2013-11-11,0
2013-11-12,0
2013-11-13,1.69499993
2013-11-14,0
2013-11-15,0
2013-11-16,0
2013-11-17,0
2013-11-18,0
2013-11-19,0
2013-11-20,0
2013-11-21,0
2013-11-22,0
2013-11-23,0
2013-11-24,0
2013-11-25,0
2013-11-26,0
2013-11-27,0
2013-11-28,0
2013-11-29,0
2013-11-30,0
2013-12-01,0
2013-12-02,0
2013-12-03,0
2013-12-04,0
2013-12-05,0
2013-12-06,0
2013-12-07,0
2013-12-08,0
2013-12-09,0
2013-12-10,0
2013-12-11,0
2013-12-12,0
2013-12-13,0
2013-12-14,0
2013-12-15,0
2013-12-16,0
2013-12-17,0
2013-12-18,0
2013-12-19,0
2013-12-20,0
2013-12-21,0
2013-12-22,0
2013-12-23,0
2013-12-24,0
2013-12-25,0
2013-12-26,0
2013-12-27,0
2013-12-28,0
2013-12-29,0
2013-12-30,0
2013-12-31,0.150000006
2014-01-01,0
2014-01-02,0
2014-01-03,0
2014-01-04,0
2014-01-05,0
2014-01-06,0
2014-01-07,0
2014-01-08,13.0349998
2014-01-09,0
2014-01-10,0
2014-01-11,0
2014-01-12,0
2014-01-13,0
2014-01-14,0
2014-01-15,0
2014-01-16,0
2014-01-17,59.534996
2014-01-18,48.0149994
2014-01-19,0
2014-01-20,0
2014-01-21,109.140007
2014-01-22,0
2014-01-23,0
2014-01-24,0
2014-01-25,0
2014-01-26,0.0599999987
2014-01-27,0
2014-01-28,0
2014-01-29,0
2014-01-30,0
2014-01-31,0.50999999
2014-02-01,0.50999999
2014-02-02,0
2014-02-03,0.61500001
2014-02-04,0.674999952
2014-02-05,0
2014-02-06,1.01999998
2014-02-07,0
2014-02-08,0.944999993
2014-02-09,1.80000007
2014-02-10,1.42499995
2014-02-11,0
2014-02-12,0.314999998
2014-02-13,0.225000009
2014-02-14,0
2014-02-15,0.61500001
2014-02-16,1.39499998
2014-02-17,0
2014-02-18,0
2014-02-19,0.225000009
2014-02-20,1.83000004
2014-02-21,0.179999992
2014-02-22,0.764999986
2014-02-23,3.55500007
2014-02-24,0
2014-02-25,1.875
2014-02-26,0.50999999
2014-02-27,10.5449991
2014-02-28,6.88500023
2014-03-01,0
2014-03-02,0
2014-03-03,0.194999993
2014-03-04,17.625
2014-03-05,9.44999981
2014-03-06,0.389999986
2014-03-07,0
2014-03-08,0
2014-03-09,0.105000004
2014-03-10,2.44500017
2014-03-11,46.5449982
2014-03-12,0
2014-03-13,0
2014-03-14,0
2014-03-15,0
2014-03-16,0.674999952
2014-03-17,0.585000038
2014-03-18,18.2250004
2014-03-19,0
2014-03-20,0
2014-03-21,0.50999999
2014-03-22,0
2014-03-23,2.08500004
2014-03-24,0.599999964
2014-03-25,0
2014-03-26,9.01499939
2014-03-27,0.225000009
2014-03-28,0
2014-03-29,0
2014-03-30,0.735000014
2014-03-31,0
2014-04-01,0
2014-04-02,0
2014-04-03,0.0299999993
2014-04-04,0
2014-04-05,0
2014-04-06,0.629999995
2014-04-07,0
2014-04-08,0
2014-04-09,0
2014-04-10,0
2014-04-11,5.01000023
2014-04-12,28.1100006
2014-04-13,37.5900002
2014-04-14,0
2014-04-15,0
2014-04-16,0.50999999
2014-04-17,4.875
2014-04-18,5.50500011
2014-04-19,1.20000005
2014-04-20,0
2014-04-21,0
2014-04-22,0
2014-04-23,9.19499969
2014-04-24,0
2014-04-25,0
2014-04-26,0
2014-04-27,0
2014-04-28,0.959999979
2014-04-29,0
2014-04-30,6.51000023
2014-05-01,15.6900005
2014-05-02,2.7750001
2014-05-03,0
2014-05-04,0.524999976
2014-05-05,8.65499973
2014-05-06,0
2014-05-07,0
2014-05-08,0
2014-05-09,2.80500007
2014-05-10,0
2014-05-11,0
2014-05-12,0.239999995
2014-05-13,0
2014-05-14,0
2014-05-15,0
2014-05-16,0
2014-05-17,0
2014-05-18,0
2014-05-19,0
2014-05-20,0
2014-05-21,0
2014-05-22,0
2014-05-23,11.7299995
2014-05-24,0.075000003
2014-05-25,1.2750001
2014-05-26,0.119999997
2014-05-27,0
2014-05-28,0
2014-05-29,2.26499987
2014-05-30,0.0599999987
2014-05-31,0
2014-06-01,43.8599968
2014-06-02,0
2014-06-03,0
2014-06-04,0
2014-06-05,0
2014-06-06,0
2014-06-07,0
2014-06-08,0
2014-06-09,0
2014-06-10,0
2014-06-11,1.98000002
2014-06-12,0
2014-06-13,0
2014-06-14,0
2014-06-15,0
2014-06-16,0
2014-06-17,92.5650024
2014-06-18,13.9200001
2014-06-19,1.53000009
2014-06-20,18.8400002
2014-06-21,7.56000042
2014-06-22,0
2014-06-23,0
2014-06-24,2.14499998
2014-06-25,5.49000025
2014-06-26,8.59500027
2014-06-27,0
2014-06-28,2.11500001
2014-06-29,17.7299995
2014-06-30,16.664999
2014-07-01,12.8249998
2014-07-02,3.79500008
2014-07-03,0
2014-07-04,9.86999989
2014-07-05,8.57999992
2014-07-06,30.2850018
2014-07-07,14.625001
2014-07-08,0
2014-07-09,19.454998
2014-07-10,1.48500001
2014-07-11,73.1100006
2014-07-12,22.9950008
2014-07-13,16.6499996
2014-07-14,5.89499998
2014-07-15,56.2799988
2014-07-16,21.164999
2014-07-17,40.3050003
2014-07-18,127.695
2014-07-19,11.6549997
2014-07-20,17.0700016
2014-07-21,1.73999989
2014-07-22,32.9700012
2014-07-23,10.4249992
2014-07-24,1.13999999
2014-07-25,77.7300034
2014-07-26,8.78999996
2014-07-27,37.0649986
2014-07-28,14.8349991
2014-07-29,0.974999964
2014-07-30,75.4499969
2014-07-31,5.0999999
2014-08-01,1.94999993
2014-08-02,3.91499996
2014-08-03,35.8800011
2014-08-04,40.3649979
2014-08-05,0
2014-08-06,54.375
2014-08-07,41.8649979
2014-08-08,24.9599991
2014-08-09,19.664999
2014-08-10,35.7150002
2014-08-11,1.72500002
2014-08-12,23.4599991
2014-08-13,8.85000038
2014-08-14,24.75
2014-08-15,61.6050034
2014-08-16,0
2014-08-17,0
2014-08-18,1.16999996
2014-08-19,0
2014-08-20,0
2014-08-21,0
2014-08-22,0
2014-08-23,0
2014-08-24,0
2014-08-25,0
2014-08-26,0
2014-08-27,13.8449993
2014-08-28,1.875
2014-08-29,17.8799992
2014-08-30,3.80999994
2014-08-31,15.1050005
2014-09-01,16.289999
2014-09-02,1.64999998
2014-09-03,0
2014-09-04,10.9950008
2014-09-05,3.16499996
2014-09-06,6.21000004
2014-09-07,11.4899998
2014-09-08,0
2014-09-09,0.674999952
2014-09-10,13.2150002
2014-09-11,38.4000015
2014-09-12,3.17999983
2014-09-13,0
2014-09-14,0
2014-09-15,0
2014-09-16,0
2014-09-17,0
2014-09-18,0
2014-09-19,0
2014-09-20,1.7249999
2014-09-21,0
2014-09-22,0
2014-09-23,0
2014-09-24,0
2014-09-25,8.3399992
2014-09-26,0
2014-09-27,9.58500004
2014-09-28,25.1399994
2014-09-29,31.8150005
2014-09-30,47.8200035
2014-10-01,12.0299997
2014-10-02,0
2014-10-03,0
2014-10-04,0
2014-10-05,0
2014-10-06,0
2014-10-07,0.524999976
2014-10-08,9.4649992
2014-10-09,0
2014-10-10,0
2014-10-11,0
2014-10-12,0
2014-10-13,20.5349998
2014-10-14,59.3099976
2014-10-15,7.33500004
2014-10-16,0
2014-10-17,0
2014-10-18,0
2014-10-19,0
2014-10-20,0
2014-10-21,0
2014-10-22,0
2014-10-23,0
2014-10-24,0
2014-10-25,143.925003
2014-10-26,0
2014-10-27,0
2014-10-28,0
2014-10-29,0
2014-10-30,0
2014-10-31,0
2014-11-01,0.825000048
2014-11-02,0
2014-11-03,0
2014-11-04,0
2014-11-05,0
2014-11-06,0
2014-11-07,0
2014-11-08,0
2014-11-09,0
2014-11-10,0
2014-11-11,0
2014-11-12,0
2014-11-13,0
2014-11-14,0
2014-11-15,0
2014-11-16,0
2014-11-17,0
2014-11-18,0
2014-11-19,0
2014-11-20,0
2014-11-21,0
2014-11-22,0
2014-11-23,0
2014-11-24,0
2014-11-25,0
2014-11-26,0
2014-11-27,0
2014-11-28,0
2014-11-29,0
2014-11-30,0
2014-12-01,0
2014-12-02,0
2014-12-03,0
2014-12-04,0
2014-12-05,0
2014-12-06,0
2014-12-07,0
2014-12-08,0
2014-12-09,0
2014-12-10,0
2014-12-11,0
2014-12-12,0
2014-12-13,0
2014-12-14,46.5299988
2014-12-15,0.659999967
2014-12-16,0
2014-12-17,0
2014-12-18,0
2014-12-19,0
2014-12-20,0
2014-12-21,3.05999994
2014-12-22,0
2014-12-23,0
2014-12-24,0
2014-12-25,0
2014-12-26,0
2014-12-27,0
2014-12-28,0
2014-12-29,0.704999983
2014-12-30,0
2014-12-31,1.2750001
2015-01-01,0
2015-01-02,1.04999995
2015-01-03,5.38500023
2015-01-04,0
2015-01-05,0.075000003
2015-01-06,1.60500002
2015-01-07,0
2015-01-08,0.629999995
2015-01-09,0.119999997
2015-01-10,0
2015-01-11,0
2015-01-12,0
2015-01-13,0
2015-01-14,11.1599989
2015-01-15,0
2015-01-16,0.194999993
2015-01-17,0
2015-01-18,0
2015-01-19,0
2015-01-20,0
2015-01-21,2.81999993
2015-01-22,19.7849979
2015-01-23,0
2015-01-24,0
2015-01-25,0
2015-01-26,0.524999976
2015-01-27,0
2015-01-28,1.31999993
2015-01-29,0
2015-01-30,1.03499997
2015-01-31,1.005
2015-02-01,0
2015-02-02,22.4699993
2015-02-03,13.4850006
2015-02-04,0
2015-02-05,1.04999995
2015-02-06,0
2015-02-07,0.870000005
2015-02-08,0
2015-02-09,0
2015-02-10,0
2015-02-11,0
2015-02-12,0
2015-02-13,0
2015-02-14,0.50999999
2015-02-15,0
2015-02-16,13.0799999
2015-02-17,0
2015-02-18,28.6800003
2015-02-19,2.41499996
2015-02-20,27.4499989
2015-02-21,0
2015-02-22,0
2015-02-23,0.0899999961
2015-02-24,4.30499983
2015-02-25,0.135000005
2015-02-26,0.479999989
2015-02-27,1.61999989
2015-02-28,20.6100006
2015-03-01,15.5550003
2015-03-02,1.01999998
2015-03-03,0
2015-03-04,0.524999976
2015-03-05,0
2015-03-06,2.25
2015-03-07,0
2015-03-08,0
2015-03-09,0
2015-03-10,0
2015-03-11,0
2015-03-12,0.225000009
2015-03-13,1.54499996
2015-03-14,2.05500007
2015-03-15,1.54499996
2015-03-16,0
2015-03-17,0
2015-03-18,0
2015-03-19,0
2015-03-20,0
2015-03-21,0
2015-03-22,0
2015-03-23,0
2015-03-24,0
2015-03-25,34.9349976
2015-03-26,0
2015-03-27,0
2015-03-28,0
2015-03-29,97.2600021
2015-03-30,22.0350018
2015-03-31,0
2015-04-01,0.119999997
2015-04-02,3.21000004
2015-04-03,3.57000017
2015-04-04,0.75
2015-04-05,0
2015-04-06,0
2015-04-07,0.569999993
2015-04-08,0.0449999981
2015-04-09,0
2015-04-10,0
2015-04-11,0.420000017
2015-04-12,0
2015-04-13,0
2015-04-14,0.359999985
2015-04-15,NaN
2015-04-16,NaN
2015-04-17,0
2015-04-18,0
2015-04-19,0.270000011
2015-04-20,0
2015-04-21,0
2015-04-22,0
2015-04-23,0.270000011
2015-04-24,0
2015-04-25,0
2015-04-26,0
2015-04-27,4.93500042
2015-04-28,1.28999996
2015-04-29,0
2015-04-30,49.5149994
2015-05-01,0
2015-05-02,0
2015-05-03,0
2015-05-04,0
2015-05-05,0
2015-05-06,39.8700027
2015-05-07,0
2015-05-08,0
2015-05-09,0.210000008
2015-05-10,0.254999995
2015-05-11,3.32999992
2015-05-12,0
2015-05-13,0
2015-05-14,0
2015-05-15,2.26499987
2015-05-16,0
2015-05-17,0
2015-05-18,0
2015-05-19,0
2015-05-20,0
2015-05-21,0
2015-05-22,0
2015-05-23,0
2015-05-24,0
2015-05-25,0
2015-05-26,0.165000007
2015-05-27,0
2015-05-28,0
2015-05-29,0
2015-05-30,0
2015-05-31,0
2015-06-01,0
2015-06-02,0
2015-06-03,0
2015-06-04,0
2015-06-05,0
2015-06-06,0
2015-06-07,0
2015-06-08,0
2015-06-09,0
2015-06-10,0
2015-06-11,0
2015-06-12,0
2015-06-13,2.9849999
2015-06-14,1.1400001
2015-06-15,0
2015-06-16,0
2015-06-17,5.03999996
2015-06-18,8.22000027
2015-06-19,42.2549973
2015-06-20,61.4250031
2015-06-21,5.53499985
2015-06-22,3.34500003
2015-06-23,0
2015-06-24,45.5550003
2015-06-25,9.70499992
2015-06-26,0
2015-06-27,0
2015-06-28,8.72999954
2015-06-29,2.4749999
2015-06-30,61.5300026
2015-07-01,44.5950012
2015-07-02,0
2015-07-03,0
2015-07-04,0
2015-07-05,42.1650009
2015-07-06,87.9599991
2015-07-07,0
2015-07-08,16.1849995
2015-07-09,27.5549984
2015-07-10,43.6500015
2015-07-11,15.1499996
2015-07-12,59.5049973
2015-07-13,0
2015-07-14,0
2015-07-15,0
2015-07-16,49.4550018
2015-07-17,29.6700001
2015-07-18,38.7900009
2015-07-19,63.6749992
2015-07-20,52.1399994
2015-07-21,43.0499992
2015-07-22,79.4549942
2015-07-23,34.3799973
2015-07-24,11.1750002
2015-07-25,34.1549988
2015-07-26,13.6199999
2015-07-27,0
2015-07-28,9.47999954
2015-07-29,0
2015-07-30,0
2015-07-31,48.1949997
2015-08-01,17.2799988
2015-08-02,0.540000021
2015-08-03,3.89999986
2015-08-04,13.2300005
2015-08-05,0
2015-08-06,36.8699989
2015-08-07,29.2499981
2015-08-08,3.12000012
2015-08-09,51.375
2015-08-10,27.5549984
2015-08-11,2.22000003
2015-08-12,20.6699982
2015-08-13,0.99000001
2015-08-14,0
2015-08-15,66.4049988
2015-08-16,1.52999997
2015-08-17,42.2700005
2015-08-18,0
2015-08-19,7.74000025
2015-08-20,10.5749998
2015-08-21,1.93499994
2015-08-22,0
2015-08-23,6.69000006
2015-08-24,2.05500007
2015-08-25,0
2015-08-26,5.41499996
2015-08-27,13.3649998
2015-08-28,0
2015-08-29,0
2015-08-30,0
2015-08-31,0
2015-09-01,0
2015-09-02,0
2015-09-03,0
2015-09-04,0
2015-09-05,1.54499996
2015-09-06,0
2015-09-07,0
2015-09-08,0
2015-09-09,0
2015-09-10,0
2015-09-11,0
2015-09-12,3.26999998
2015-09-13,0
2015-09-14,0
2015-09-15,0.810000062
2015-09-16,0
2015-09-17,0
2015-09-18,37.6350021
2015-09-19,40.9799995
2015-09-20,29.0699997
2015-09-21,1.71000004
2015-09-22,25.9500008
2015-09-23,0
2015-09-24,0
2015-09-25,0
2015-09-26,0
2015-09-27,0
2015-09-28,0
2015-09-29,0
2015-09-30,0
2015-10-01,0
2015-10-02,0
2015-10-03,0
2015-10-04,0
2015-10-05,0
2015-10-06,0
2015-10-07,0
2015-10-08,0
2015-10-09,0
2015-10-10,0
2015-10-11,14.3249989
2015-10-12,3.19500017
2015-10-13,52.3950005
2015-10-14,89.7900085
2015-10-15,0
2015-10-16,0
2015-10-17,0
2015-10-18,0
2015-10-19,0
2015-10-20,0
2015-10-21,0
2015-10-22,0
2015-10-23,0
2015-10-24,0
2015-10-25,0
2015-10-26,0
2015-10-27,0
2015-10-28,31.1399975
2015-10-29,6.32999992
2015-10-30,0
2015-10-31,0
2015-11-01,0
2015-11-02,0
2015-11-03,0
2015-11-04,0.465000004
2015-11-05,0
2015-11-06,0
2015-11-07,0
2015-11-08,0
2015-11-09,0
2015-11-10,0
2015-11-11,0
2015-11-12,0
2015-11-13,0
2015-11-14,0
2015-11-15,0
2015-11-16,0
2015-11-17,0
2015-11-18,0
2015-11-19,0
2015-11-20,0
2015-11-21,0
2015-11-22,0
2015-11-23,0
2015-11-24,0
2015-11-25,0
2015-11-26,0
2015-11-27,0
2015-11-28,0
2015-11-29,0
2015-11-30,0
2015-12-01,0
2015-12-02,0
2015-12-03,0
2015-12-04,0
2015-12-05,0
2015-12-06,0
2015-12-07,0
2015-12-08,0
2015-12-09,23.2799988
2015-12-10,0
2015-12-11,0
2015-12-12,0
2015-12-13,0
2015-12-14,0
2015-12-15,0
2015-12-16,0
2015-12-17,0
2015-12-18,0
2015-12-19,0
2015-12-20,0
2015-12-21,0
2015-12-22,0
2015-12-23,0
2015-12-24,0
2015-12-25,0
2015-12-26,0
2015-12-27,0
2015-12-28,0
2015-12-29,0
2015-12-30,0
2015-12-31,0
2016-01-01,0
2016-01-02,0
2016-01-03,0
2016-01-04,0
2016-01-05,0
2016-01-06,0
2016-01-07,0
2016-01-08,0
2016-01-09,0
2016-01-10,0
2016-01-11,0
2016-01-12,0
2016-01-13,0
2016-01-14,0.105000004
2016-01-15,0
2016-01-16,0
2016-01-17,0
2016-01-18,0
2016-01-19,0
2016-01-20,0
2016-01-21,0
2016-01-22,0
2016-01-23,0
2016-01-24,0
2016-01-25,0
2016-01-26,0
2016-01-27,0
2016-01-28,0
2016-01-29,0
2016-01-30,0
2016-01-31,0
2016-02-01,0
2016-02-02,0
2016-02-03,0
2016-02-04,0
2016-02-05,0
2016-02-06,0
2016-02-07,0
2016-02-08,0
2016-02-09,0
2016-02-10,0
2016-02-11,0
2016-02-12,0
2016-02-13,0
2016-02-14,0
2016-02-15,0
2016-02-16,0
2016-02-17,0
2016-02-18,0
2016-02-19,4.92000008
2016-02-20,0
2016-02-21,0
2016-02-22,0
2016-02-23,0
2016-02-24,0
2016-02-25,0
2016-02-26,0
2016-02-27,0
2016-02-28,0
2016-02-29,0
2016-03-01,0
2016-03-02,0
2016-03-03,0.210000008
2016-03-04,0
2016-03-05,0.375
2016-03-06,17.8950005
2016-03-07,0
2016-03-08,0
2016-03-09,0
2016-03-10,0
2016-03-11,54.75
2016-03-12,76.8450012
2016-03-13,11.415
2016-03-14,0
2016-03-15,0
2016-03-16,0
2016-03-17,0.405000001
2016-03-18,0
2016-03-19,0
2016-03-20,0
2016-03-21,0
2016-03-22,0
2016-03-23,0
2016-03-24,0
2016-03-25,0.179999992
2016-03-26,0.555000007
2016-03-27,0.674999952
2016-03-28,0
2016-03-29,0
2016-03-30,19.1550007
2016-03-31,0
2016-04-01,0
2016-04-02,0
2016-04-03,0
2016-04-04,2.91000009
2016-04-05,0
2016-04-06,0
2016-04-07,26.1000023
2016-04-08,0
2016-04-09,0
2016-04-10,0
2016-04-11,0
2016-04-12,0
2016-04-13,0
2016-04-14,0
2016-04-15,0
2016-04-16,0
2016-04-17,0
2016-04-18,0
2016-04-19,0
2016-04-20,0
2016-04-21,0
2016-04-22,0
2016-04-23,0
2016-04-24,0
2016-04-25,0
2016-04-26,0
2016-04-27,0
2016-04-28,0
2016-04-29,0
2016-04-30,0
2016-05-01,0
2016-05-02,0
2016-05-03,29.8800011
2016-05-04,7.07999992
2016-05-05,0
2016-05-06,0.0599999987
2016-05-07,28.8449993
2016-05-08,15.54
2016-05-09,28.9799995
2016-05-10,0
2016-05-11,0
2016-05-12,1.38
2016-05-13,0
2016-05-14,0
2016-05-15,0.50999999
2016-05-16,0
2016-05-17,0
2016-05-18,0
2016-05-19,0
2016-05-20,9.28499985
2016-05-21,0.135000005
2016-05-22,0
2016-05-23,2.46000004
2016-05-24,0
2016-05-25,0
2016-05-26,0
2016-05-27,0
2016-05-28,2.44500017
2016-05-29,0.194999993
2016-05-30,0
2016-05-31,0
2016-06-01,0
2016-06-02,0.254999995
2016-06-03,2.27999997
2016-06-04,0
2016-06-05,56.25
2016-06-06,0
2016-06-07,6.4199996
2016-06-08,0.164999992
2016-06-09,0
2016-06-10,0
2016-06-11,0
2016-06-12,0
2016-06-13,0.629999995
2016-06-14,4.67999983
2016-06-15,30.5100002
2016-06-16,2.17499995
2016-06-17,0
2016-06-18,15.0749998
2016-06-19,7.60500002
2016-06-20,10.4399996
2016-06-21,8.83500004
2016-06-22,0
2016-06-23,0
2016-06-24,16.4099998
2016-06-25,18.5550003
2016-06-26,20.5799999
2016-06-27,6.57000017
2016-06-28,3.50999975
2016-06-29,38.5950012
2016-06-30,31.8299999
2016-07-01,91.1999969
2016-07-02,38.2949982
2016-07-03,1.47000003
2016-07-04,7.5
2016-07-05,27.5100002
2016-07-06,7.57500029
2016-07-07,0
2016-07-08,1.91999996
2016-07-09,8.10000038
2016-07-10,5.59499979
2016-07-11,6.55500031
2016-07-12,1.52999997
2016-07-13,73.4700012
2016-07-14,49.920002
2016-07-15,40.8450012
2016-07-16,65.9400024
2016-07-17,26.6700001
2016-07-18,0
2016-07-19,0
2016-07-20,0
2016-07-21,10.5900002
2016-07-22,12.7200003
2016-07-23,15.3299999
2016-07-24,0
2016-07-25,13.2749996
2016-07-26,21.3450012
2016-07-27,8.47500038
2016-07-28,2.7750001
2016-07-29,9.62999916
2016-07-30,0
2016-07-31,0.915000021
2016-08-01,0
2016-08-02,5.88000011
2016-08-03,0
2016-08-04,25.3950005
2016-08-05,52.1549988
2016-08-06,9.81000042
2016-08-07,6.63000011
2016-08-08,4.52999973
2016-08-09,38.9249992
2016-08-10,9.25500011
2016-08-11,7.81499958
2016-08-12,14.46
2016-08-13,16.2600002
2016-08-14,27.4500008
2016-08-15,4.66499996
2016-08-16,8.80500031
2016-08-17,3.80999994
2016-08-18,0
2016-08-19,31.9049988
2016-08-20,24.8550014
2016-08-21,0
2016-08-22,10.289999
2016-08-23,0
2016-08-24,0
2016-08-25,31.875
2016-08-26,12.4949999
2016-08-27,0
2016-08-28,0
2016-08-29,8.90999985
2016-08-30,6.61500025
2016-08-31,33.4199982
2016-09-01,0.900000036
2016-09-02,0
2016-09-03,0
2016-09-04,0
2016-09-05,0.584999979
2016-09-06,0.88499999
2016-09-07,0
2016-09-08,0
2016-09-09,2.23500013
2016-09-10,1.04999995
2016-09-11,9.31500053
2016-09-12,4.81499958
2016-09-13,1.68000007
2016-09-14,0
2016-09-15,0
2016-09-16,0
2016-09-17,0
2016-09-18,0
2016-09-19,0
2016-09-20,0
2016-09-21,3.10500026
2016-09-22,0
2016-09-23,1.38000011
2016-09-24,4.01999998
2016-09-25,0
2016-09-26,2.75999999
2016-09-27,0
2016-09-28,7.66499996
2016-09-29,0
2016-09-30,0
2016-10-01,0
2016-10-02,7.75500059
2016-10-03,17.1450005
2016-10-04,13.0799999
2016-10-05,0.794999957
2016-10-06,0
2016-10-07,0
2016-10-08,0
2016-10-09,11.7000008
2016-10-10,0.524999976
2016-10-11,0
2016-10-12,0
2016-10-13,0
2016-10-14,0
2016-10-15,0
2016-10-16,0
2016-10-17,0
2016-10-18,0
2016-10-19,0
2016-10-20,0
2016-10-21,0
2016-10-22,0
2016-10-23,0
2016-10-24,0
2016-10-25,0
2016-10-26,0
2016-10-27,0
2016-10-28,0
2016-10-29,3.04500008
2016-10-30,0
2016-10-31,0
2016-11-01,0
2016-11-02,0
2016-11-03,0
2016-11-04,0
2016-11-05,0
2016-11-06,0
2016-11-07,0
2016-11-08,0
2016-11-09,0
2016-11-10,0
2016-11-11,0
2016-11-12,0
2016-11-13,0
2016-11-14,0
2016-11-15,0
2016-11-16,0
2016-11-17,0
2016-11-18,0
2016-11-19,0
2016-11-20,0
2016-11-21,0
2016-11-22,0
2016-11-23,0
2016-11-24,0
2016-11-25,0
2016-11-26,0
2016-11-27,0
2016-11-28,0
2016-11-29,0
2016-11-30,0
2016-12-01,0
2016-12-02,0
2016-12-03,0
2016-12-04,0
2016-12-05,0
2016-12-06,0
2016-12-07,0
2016-12-08,0
2016-12-09,0
2016-12-10,0
2016-12-11,0
2016-12-12,0
2016-12-13,0
2016-12-14,0
2016-12-15,0
2016-12-16,0
2016-12-17,0
2016-12-18,0
2016-12-19,0
2016-12-20,0
2016-12-21,0
2016-12-22,0
2016-12-23,0
2016-12-24,0
2016-12-25,0
2016-12-26,0
2016-12-27,0
2016-12-28,0
2016-12-29,0
2016-12-30,0
2016-12-31,0
2017-01-01,0
2017-01-02,0
2017-01-03,0
2017-01-04,0
2017-01-05,0
2017-01-06,0
2017-01-07,7.51500034
2017-01-08,0
2017-01-09,0
2017-01-10,0
2017-01-11,0
2017-01-12,0
2017-01-13,0
2017-01-14,6.65999985
2017-01-15,1.5
2017-01-16,0
2017-01-17,0
2017-01-18,1.55999994
2017-01-19,0
2017-01-20,0
2017-01-21,0
2017-01-22,0
2017-01-23,0
2017-01-24,0
2017-01-25,4.36499977
2017-01-26,23.2350006
2017-01-27,1.15499997
2017-01-28,0
2017-01-29,0
2017-01-30,0
2017-01-31,0
2017-02-01,0
2017-02-02,0
2017-02-03,0
2017-02-04,8.20499992
2017-02-05,0
2017-02-06,0
2017-02-07,0
2017-02-08,0
2017-02-09,0
2017-02-10,0
2017-02-11,0
2017-02-12,0
2017-02-13,0
2017-02-14,0
2017-02-15,0
2017-02-16,0
2017-02-17,0
2017-02-18,0
2017-02-19,0
2017-02-20,0
2017-02-21,0
2017-02-22,0
2017-02-23,0
2017-02-24,0
2017-02-25,0
2017-02-26,0
2017-02-27,0
2017-02-28,0
2017-03-01,0
2017-03-02,0
2017-03-03,0
2017-03-04,0
2017-03-05,0
2017-03-06,0
2017-03-07,0
2017-03-08,0.0899999961
2017-03-09,0
2017-03-10,21.7649994
2017-03-11,0
2017-03-12,0
2017-03-13,0
2017-03-14,0
2017-03-15,0
2017-03-16,0
2017-03-17,0
2017-03-18,0
2017-03-19,0
2017-03-20,0
2017-03-21,0
2017-03-22,0
2017-03-23,0
2017-03-24,0
2017-03-25,0
2017-03-26,0
2017-03-27,0
2017-03-28,0
2017-03-29,0
2017-03-30,0
2017-03-31,0
2017-04-01,17.9849987
2017-04-02,0
2017-04-03,0
2017-04-04,0
2017-04-05,104.01001
2017-04-06,20.5050011
2017-04-07,0
2017-04-08,0
2017-04-09,0
2017-04-10,0
2017-04-11,0
2017-04-12,0
2017-04-13,0
2017-04-14,10.5900002
2017-04-15,0
2017-04-16,0
2017-04-17,0
2017-04-18,0
2017-04-19,19.6800003
2017-04-20,2.76000023
2017-04-21,0.674999952
2017-04-22,0
2017-04-23,0
2017-04-24,0
2017-04-25,0
2017-04-26,0
2017-04-27,0
2017-04-28,0.569999993
2017-04-29,0.119999997
2017-04-30,0
2017-05-01,0
2017-05-02,0
2017-05-03,0.0449999981
2017-05-04,0
2017-05-05,11.7299995
2017-05-06,0
2017-05-07,0
2017-05-08,10.710001
2017-05-09,4.06500006
2017-05-10,0.479999989
2017-05-11,2.42999983
2017-05-12,3.78000021
2017-05-13,0
2017-05-14,0
2017-05-15,0
2017-05-16,0
2017-05-17,0.959999979
2017-05-18,0.104999997
2017-05-19,1.62
2017-05-20,0.0299999993
2017-05-21,0.194999993
2017-05-22,0
2017-05-23,0
2017-05-24,0
2017-05-25,0
2017-05-26,3.31499982
2017-05-27,0.479999989
2017-05-28,0.899999976
2017-05-29,0
2017-05-30,0.135000005
2017-05-31,0
2017-06-01,0
2017-06-02,0
2017-06-03,0
2017-06-04,0
2017-06-05,29.7150002
2017-06-06,62.0550003
2017-06-07,0.254999995
2017-06-08,0
2017-06-09,0
2017-06-10,0
2017-06-11,1.09500003
2017-06-12,0
2017-06-13,0
2017-06-14,0
2017-06-15,0
2017-06-16,0
2017-06-17,1.39499998
2017-06-18,1.98000002
2017-06-19,18.2099991
2017-06-20,1.35000002
2017-06-21,0.584999979
2017-06-22,0
2017-06-23,0
2017-06-24,0
2017-06-25,83.9550018
2017-06-26,8.93999958
2017-06-27,6.81000042
2017-06-28,13.5600014
2017-06-29,3.17999983
2017-06-30,2.50499988
2017-07-01,20.2200012
2017-07-02,10.1549997
2017-07-03,3.07499981
2017-07-04,45.2849998
2017-07-05,25.9949989
2017-07-06,9.21000004
2017-07-07,0
2017-07-08,1.755
2017-07-09,53.4150009
2017-07-10,69.7799988
2017-07-11,7.24499989
2017-07-12,0.674999952
2017-07-13,0
2017-07-14,0.465000004
2017-07-15,31.5449982
2017-07-16,4.00500011
2017-07-17,17.3699989
2017-07-18,0
2017-07-19,28.9050007
2017-07-20,0
2017-07-21,24.1800003
2017-07-22,4.52999973
2017-07-23,11.8500004
2017-07-24,9.44999981
2017-07-25,32.6100006
2017-07-26,0
2017-07-27,0
2017-07-28,24.6750011
2017-07-29,16.4099998
2017-07-30,4.74000025
2017-07-31,6.93000031
2017-08-01,0
2017-08-02,22.2150002
2017-08-03,69.0749969
2017-08-04,39.2400017
2017-08-05,4.03499985
2017-08-06,16.829998
2017-08-07,9.56999969
2017-08-08,1.57499993
2017-08-09,15.8850002
2017-08-10,5.36999989
2017-08-11,0
2017-08-12,5.32499981
2017-08-13,16.6800003
2017-08-14,0
2017-08-15,0
2017-08-16,0
2017-08-17,1.3499999
2017-08-18,6.91499996
2017-08-19,8.74499989
2017-08-20,1.28999996
2017-08-21,1.7249999
2017-08-22,0
2017-08-23,4.59000015
2017-08-24,3.5849998
2017-08-25,11.7150002
2017-08-26,11.1599998
2017-08-27,17.204998
2017-08-28,2.71500015
2017-08-29,0
2017-08-30,3.5999999
2017-08-31,48.2549973
2017-09-01,9.75
2017-09-02,0.375
2017-09-03,0
2017-09-04,0
2017-09-05,0
2017-09-06,0.61500001
2017-09-07,0
2017-09-08,0
2017-09-09,0
2017-09-10,0
2017-09-11,0
2017-09-12,0
2017-09-13,0
2017-09-14,0
2017-09-15,3.68999982
2017-09-16,8.11499977
2017-09-17,5.49000025
2017-09-18,0
2017-09-19,0
2017-09-20,0
2017-09-21,13.6950016
2017-09-22,59.1000023
2017-09-23,52.6049995
2017-09-24,6.96000004
2017-09-25,0
2017-09-26,0
2017-09-27,0
2017-09-28,0
2017-09-29,0
2017-09-30,0
2017-10-01,0
2017-10-02,0
2017-10-03,0
2017-10-04,0
2017-10-05,0
2017-10-06,0
2017-10-07,0
2017-10-08,0
2017-10-09,0
2017-10-10,0
2017-10-11,0
2017-10-12,0
2017-10-13,0
2017-10-14,0
2017-10-15,0
2017-10-16,0
2017-10-17,0
2017-10-18,0
2017-10-19,0
2017-10-20,0
2017-10-21,0
2017-10-22,0
2017-10-23,0
2017-10-24,0
2017-10-25,0
2017-10-26,0
2017-10-27,0
2017-10-28,0
2017-10-29,0
2017-10-30,0
2017-10-31,0
2017-11-01,0
2017-11-02,0
2017-11-03,0
2017-11-04,0
2017-11-05,0
2017-11-06,0
2017-11-07,0
2017-11-08,0
2017-11-09,0
2017-11-10,0
2017-11-11,0
2017-11-12,0
2017-11-13,0
2017-11-14,0
2017-11-15,0
2017-11-16,0
2017-11-17,0
2017-11-18,0
2017-11-19,0
2017-11-20,0
2017-11-21,0
2017-11-22,0
2017-11-23,0
2017-11-24,0
2017-11-25,0
2017-11-26,0
2017-11-27,0
2017-11-28,0
2017-11-29,0
2017-11-30,0
2017-12-01,0
2017-12-02,0
2017-12-03,4.88999987
2017-12-04,13.1100006
2017-12-05,0
2017-12-06,0
2017-12-07,0
2017-12-08,0
2017-12-09,0
2017-12-10,0
2017-12-11,0
2017-12-12,0
2017-12-13,0
2017-12-14,0
2017-12-15,0
2017-12-16,0
2017-12-17,0
2017-12-18,0
2017-12-19,0
2017-12-20,0
2017-12-21,0
2017-12-22,0
2017-12-23,0
2017-12-24,0
2017-12-25,0
2017-12-26,0
2017-12-27,0
2017-12-28,0
2017-12-29,0
2017-12-30,0
2017-12-31,0
2018-01-01,0
2018-01-02,0
2018-01-03,0
2018-01-04,0
2018-01-05,0
2018-01-06,0
2018-01-07,0
2018-01-08,0
2018-01-09,0
2018-01-10,0
2018-01-11,0
2018-01-12,0
2018-01-13,0
2018-01-14,0
2018-01-15,0
2018-01-16,0
2018-01-17,0
2018-01-18,0
2018-01-19,0
2018-01-20,0
2018-01-21,0
2018-01-22,0
2018-01-23,19.9650002
2018-01-24,0
2018-01-25,0
2018-01-26,0
2018-01-27,0
2018-01-28,0
2018-01-29,0
2018-01-30,0
2018-01-31,0
2018-02-01,0
2018-02-02,0
2018-02-03,0
2018-02-04,0
2018-02-05,1.31999993
2018-02-06,0
2018-02-07,0
2018-02-08,0
2018-02-09,0
2018-02-10,0
2018-02-11,3.53999996
2018-02-12,0.674999952
2018-02-13,8.31000042
2018-02-14,0
2018-02-15,0
2018-02-16,0
2018-02-17,0
2018-02-18,0
2018-02-19,0
2018-02-20,0
2018-02-21,0
2018-02-22,0
2018-02-23,0.225000009
2018-02-24,1.9799999
2018-02-25,0
2018-02-26,0
2018-02-27,0
2018-02-28,0
2018-03-01,0.075000003
2018-03-02,0
2018-03-03,0
2018-03-04,0.075000003
2018-03-05,0
2018-03-06,0
2018-03-07,0
2018-03-08,0
2018-03-09,0
2018-03-10,0
2018-03-11,0
2018-03-12,0
2018-03-13,0
2018-03-14,0
2018-03-15,0
2018-03-16,0
2018-03-17,0
2018-03-18,0
2018-03-19,0
2018-03-20,0
2018-03-21,27.8100014
2018-03-22,0.164999992
2018-03-23,0
2018-03-24,0
2018-03-25,0
2018-03-26,0
2018-03-27,0
2018-03-28,0
2018-03-29,4.80000019
2018-03-30,0
2018-03-31,0
2018-04-01,0
2018-04-02,0
2018-04-03,0
2018-04-04,0.690000057
2018-04-05,7.61999989
2018-04-06,0.075000003
2018-04-07,0.660000026
2018-04-08,0
2018-04-09,0.119999997
2018-04-10,14.1149998
2018-04-11,0
2018-04-12,0
2018-04-13,0
2018-04-14,0
2018-04-15,0
2018-04-16,0
2018-04-17,0
2018-04-18,0
2018-04-19,0
2018-04-20,0.329999983
2018-04-21,0
2018-04-22,0
2018-04-23,0
2018-04-24,0
2018-04-25,0.075000003
2018-04-26,0
2018-04-27,9.18000031
2018-04-28,11.8050003
2018-04-29,3.25499988
2018-04-30,5.94000006
2018-05-01,7.7249999
2018-05-02,32.4300003
2018-05-03,0
2018-05-04,0
2018-05-05,0.0449999981
2018-05-06,0
2018-05-07,1.81499982
2018-05-08,0.405000031
2018-05-09,1.38
2018-05-10,0
2018-05-11,0.300000012
2018-05-12,4.38000011
2018-05-13,0.0449999981
2018-05-14,0
2018-05-15,0
2018-05-16,0
2018-05-17,0
2018-05-18,0
2018-05-19,0
2018-05-20,0
2018-05-21,0
2018-05-22,0
2018-05-23,0
2018-05-24,0
2018-05-25,0
2018-05-26,0
2018-05-27,0
2018-05-28,0
2018-05-29,0
2018-05-30,0
2018-05-31,0
2018-06-01,16.5449982
2018-06-02,0
2018-06-03,0
2018-06-04,0
2018-06-05,20.2199993
2018-06-06,0
2018-06-07,45.75
2018-06-08,71.0249939
2018-06-09,12.375
2018-06-10,5.05499983
2018-06-11,1.33500004
2018-06-12,0
2018-06-13,26.4599991
2018-06-14,12.4199991
2018-06-15,0
2018-06-16,0
2018-06-17,0
2018-06-18,0
2018-06-19,0.150000006
2018-06-20,0
2018-06-21,0
2018-06-22,0.479999989
2018-06-23,0
2018-06-24,0
2018-06-25,0.329999983
2018-06-26,15.0749998
2018-06-27,25.4399986
2018-06-28,2.16000009
2018-06-29,0
2018-06-30,4.07999992
2018-07-01,27.3600006
2018-07-02,28.170002
2018-07-03,2.98500013
2018-07-04,3.62999988
2018-07-05,0
2018-07-06,0
2018-07-07,0
2018-07-08,17.6100006
2018-07-09,15.3000011
2018-07-10,23.6100006
2018-07-11,11.1450005
2018-07-12,10.3500004
2018-07-13,6.61499977
2018-07-14,13.9050007
2018-07-15,18.7200012
2018-07-16,15.5250006
2018-07-17,9.86999989
2018-07-18,0
2018-07-19,4.21499968
2018-07-20,9.61499977
2018-07-21,5.74499989
2018-07-22,6.36000061
2018-07-23,11.6700001
2018-07-24,0.88499999
2018-07-25,36.9450035
2018-07-26,6.18000031
2018-07-27,5.83500004
2018-07-28,25.5600014
2018-07-29,12.6149998
2018-07-30,0
2018-07-31,12.0750008
2018-08-01,0
2018-08-02,0
2018-08-03,0
2018-08-04,79.8600006
2018-08-05,19.0950012
2018-08-06,34.5599976
2018-08-07,33.4349976
2018-08-08,5.92500019
2018-08-09,1.35000002
2018-08-10,0
2018-08-11,16.1849995
2018-08-12,30.2550011
2018-08-13,14.4750004
2018-08-14,0
2018-08-15,26.8050003
2018-08-16,29.6100006
2018-08-17,3.9150002
2018-08-18,0
2018-08-19,10.9949999
2018-08-20,6.64499998
2018-08-21,0
2018-08-22,3.16499996
2018-08-23,0.495000005
2018-08-24,24.9150009
2018-08-25,5.23499966
2018-08-26,2.89499998
2018-08-27,3.9749999
2018-08-28,0.689999998
2018-08-29,21.2700005
2018-08-30,4.40999985
2018-08-31,9.18000031
2018-09-01,6.70499945
2018-09-02,9.54000092
2018-09-03,8.35499954
2018-09-04,2.05499983
2018-09-05,7.92000008
2018-09-06,20.7150002
2018-09-07,0.375
2018-09-08,1.75499988
2018-09-09,0
2018-09-10,6.61499977
2018-09-11,0
2018-09-12,0
2018-09-13,5.20499992
2018-09-14,2.94000006
2018-09-15,0
2018-09-16,0
2018-09-17,0
2018-09-18,0
2018-09-19,0
2018-09-20,6.45000076
2018-09-21,8.93999958
2018-09-22,2.41499996
2018-09-23,6.55499983
2018-09-24,30.9449978
2018-09-25,0
2018-09-26,0
2018-09-27,0
2018-09-28,0
2018-09-29,0
2018-09-30,0
2018-10-01,0
2018-10-02,0
2018-10-03,0
2018-10-04,0
2018-10-05,0
2018-10-06,0
2018-10-07,0
2018-10-08,0
2018-10-09,0
2018-10-10,0
2018-10-11,86.534996
2018-10-12,0
2018-10-13,0
2018-10-14,0
2018-10-15,0
2018-10-16,1.83000004
2018-10-17,0
2018-10-18,0
2018-10-19,0
2018-10-20,0
2018-10-21,0
2018-10-22,0
2018-10-23,0
2018-10-24,0
2018-10-25,0
2018-10-26,0
2018-10-27,0
2018-10-28,0
2018-10-29,0
2018-10-30,0
2018-10-31,0
2018-11-01,0
2018-11-02,8.32499981
2018-11-03,10.1999998
2018-11-04,0
2018-11-05,0
2018-11-06,0
2018-11-07,0
2018-11-08,0
2018-11-09,0
2018-11-10,0
2018-11-11,0
2018-11-12,0
2018-11-13,0
2018-11-14,0
2018-11-15,0
2018-11-16,0
2018-11-17,0
2018-11-18,0
2018-11-19,0
2018-11-20,0
2018-11-21,0
2018-11-22,0
2018-11-23,0
2018-11-24,0
2018-11-25,0
2018-11-26,0
2018-11-27,0
2018-11-28,0
2018-11-29,0
2018-11-30,0
2018-12-01,0
2018-12-02,0
2018-12-03,0
2018-12-04,0
2018-12-05,0
2018-12-06,0
2018-12-07,0
2018-12-08,0
2018-12-09,0
2018-12-10,0
2018-12-11,0
2018-12-12,0
2018-12-13,0
2018-12-14,0
2018-12-15,0
2018-12-16,0
2018-12-17,0
2018-12-18,0
2018-12-19,0
2018-12-20,0
2018-12-21,0
2018-12-22,0
2018-12-23,0
2018-12-24,0
2018-12-25,0
2018-12-26,0
2018-12-27,0
2018-12-28,0
2018-12-29,0
2018-12-30,0
2018-12-31,0
2019-01-01,0
2019-01-02,0
2019-01-03,0
2019-01-04,0
2019-01-05,0
2019-01-06,0
2019-01-07,0
2019-01-08,0
2019-01-09,0
2019-01-10,0.825000048
2019-01-11,0
2019-01-12,0
2019-01-13,0
2019-01-14,0
2019-01-15,0
2019-01-16,0
2019-01-17,0
2019-01-18,0
2019-01-19,0
2019-01-20,0
2019-01-21,83.8949966
2019-01-22,17.0550003
2019-01-23,0
2019-01-24,0
2019-01-25,1.94999993
2019-01-26,0
2019-01-27,0
2019-01-28,0
2019-01-29,0
2019-01-30,6.39000034
2019-01-31,4.01999998
2019-02-01,0
2019-02-02,0
2019-02-03,0
2019-02-04,0
2019-02-05,0
2019-02-06,0
2019-02-07,1.36500001
2019-02-08,2.22000003
2019-02-09,0
2019-02-10,0
2019-02-11,0
2019-02-12,0
2019-02-13,0
2019-02-14,35.0699997
2019-02-15,0
2019-02-16,0
2019-02-17,0
2019-02-18,0
2019-02-19,0
2019-02-20,27.7649994
2019-02-21,1.875
2019-02-22,0
2019-02-23,0
2019-02-24,0
2019-02-25,0
2019-02-26,6.85500002
2019-02-27,0
2019-02-28,0
2019-03-01,0
2019-03-02,1.79999995
2019-03-03,0
2019-03-04,0
2019-03-05,0
2019-03-06,0
2019-03-07,0
2019-03-08,0
2019-03-09,0
2019-03-10,0
2019-03-11,0
2019-03-12,0
2019-03-13,7.45499992
2019-03-14,3.82499981
2019-03-15,0
2019-03-16,0
2019-03-17,0.389999986
2019-03-18,0
2019-03-19,0
2019-03-20,0
2019-03-21,0
2019-03-22,0
2019-03-23,0
2019-03-24,0
2019-03-25,23.7150002
2019-03-26,0
2019-03-27,0
