Dates,Landslide
07-12-2007,1
07-30-2007,1
08-06-2007,1
06-19-2008,1
07-04-2010,1
07-05-2010,1
07-06-2010,1
07-29-2010,1
08-05-2010,1
08-09-2010,1
08-16-2010,1
08-20-2010,1
08-22-2010,1
09-03-2010,1
09-04-2010,1
09-17-2010,1
09-18-2010,1
09-19-2010,1
09-22-2010,1
10-22-2010,1
02-20-2011,1
06-07-2011,1
06-29-2011,1
07-08-2011,1
07-09-2011,1
07-11-2011,1
07-21-2011,1
08-08-2011,1
07-05-2012,1
08-12-2012,1
08-17-2012,1
09-14-2012,1
06-16-2013,1
06-17-2013,1
06-24-2013,1
07-02-2013,1
07-10-2013,1
07-19-2013,1
07-23-2013,1
07-24-2013,1
07-25-2013,1
07-26-2013,1
08-18-2013,1
07-20-2014,1
07-23-2014,1
09-11-2014,1
04-28-2015,1
04-30-2015,1
06-25-2015,1
07-11-2015,1
07-24-2015,1
07-26-2015,1
07-28-2015,1
08-15-2015,1
05-08-2016,1
06-29-2016,1
07-01-2016,1
05-19-2017,1
05-20-2017,1
06-06-2017,1
05-02-2018,1
07-02-2018,1
07-16-2018,1
07-19-2018,1
07-20-2018,1
08-04-2018,1
08-05-2018,1
